Kids_First_Participant_ID	sample_id	CNS_region	age_at_diagnosis_yr	Kids_First_Biospecimen_ID_DNA	Kids_First_Biospecimen_ID_RNA	Kids_First_Biospecimen_ID_methy	H3F3A.K28M	HIST1H3B.K28M	HIST1H3C.K28M	HIST2H3C.K28M	H3F3A.G35R	H3F3A.G35V	relevant_coding_mutations	IDH1_mutation	TERT_variant_classification	BRAF_V600E	MYCN_focal_status	PDGFRA_focal_status	PTEN_focal_status	1p	19q	7p	7q	10p	10q	cell_line_composition	aliquot_id_DNA	FOXG1_expression_zscore	OLIG2_expression_zscore	TP73_AS1_expression_zscore	NTRK_fusions	MET_fusions	ROS1_fusions	ALK_fusions	FGFR1_fusions	HGG_Fusion_evidence	HGG_Fusion_counts	Sample	aliquot_id_RNA	composition
PT_0DXHDZJR	7316-2857	Hemispheric	1	BS_QWS88QXE	BS_DS438CXE	BS_V38JC9TH	No	No	No	No	No	No	None	No R132 or R172	None	No V600E	neutral	neutral	neutral	neutral	neutral	gain	gain	neutral	neutral	NA	NA	-0.04061896731321944	-0.16033541430446557	0.08637741527146169	None	None	None	None	None	None	0	NA	NA	Solid Tissue
PT_0EBP2PBD	7316-8041	Spine	7	BS_Z61JVJ03	BS_2853394H	NA	Yes	No	No	No	No	No	H3F3A	No R132 or R172	None	No V600E	gain	neutral	neutral	NA	NA	NA	NA	NA	NA	NA	NA	-0.8093073816422394	-0.937651614115749	-1.6419842932801652	None	None	None	None	None	None	0	NA	NA	Solid Tissue
PT_0EBP2PBD	7316-8041	Spine	7	BS_Z61JVJ03	BS_2853394H	NA	Yes	No	No	No	No	No	H3F3A	No R132 or R172	None	No V600E	gain	neutral	neutral	NA	NA	NA	NA	NA	NA	NA	NA	-0.8093073816422394	-0.937651614115749	-1.6419842932801652	None	None	None	None	None	None	0	NA	NA	Solid Tissue
PT_0FGS6YME	7316-8811	Hemispheric		BS_HGKDT5AJ	BS_D6J2BGDJ	NA	No	No	No	No	No	No	ATRX, TP53	No R132 or R172	None	No V600E	neutral	neutral, gain	neutral, gain	NA	NA	NA	NA	NA	NA	NA	NA	0.09495508356567346	1.244435471527047	0.6967011849944992	None	None	None	None	None	None	0	NA	NA	Solid Tissue
PT_0MJEAART	7316-549	Midline	10	NA	BS_PZVHMSYN	BS_93W1TAZP	NA	NA	NA	NA	NA	NA	NA	NA	NA	NA	NA	NA	NA	NA	NA	NA	NA	NA	NA	NA	NA	-0.8093073816422394	-0.250192949951006	-1.2556436049150879	None	None	None	None	None	None	0	NA	NA	Solid Tissue
PT_0MXPTTM3	7316-3220	Midline	25	BS_8SYN7GXG	NA	NA	No	No	No	No	No	No	ATRX, IDH1, TP53	p.R132H	None	No V600E	gain	neutral	loss	neutral	neutral	neutral	neutral	neutral	neutral	NA	NA	NA	NA	NA	NA	NA	NA	NA	NA	NA	NA	NA	NA	Solid Tissue
PT_0MXPTTM3	A09410	Midline	25	BS_H3TYF6GD	BS_R7NTZR4C	NA	No	No	No	No	No	No	ATRX, IDH1, TP53	p.R132H	None	No V600E	loss	loss	loss	NA	NA	NA	NA	NA	NA	NA	NA	-0.08827349201793716	1.7167245482772993	-0.02013487051890018	None	None	None	None	None	None	0	NA	NA	Solid Tissue
PT_0SPKM4S8	7316-2640	Hemispheric	5	BS_VW4XN9Y7	BS_FX2P2WEG	BS_0QDG4N14	No	No	No	No	No	No	ATRX, CIC, FGFR1, SETD2, TP53	No R132 or R172	None	No V600E	neutral	neutral	neutral	neutral	neutral	neutral	neutral	neutral	neutral	NA	NA	1.3640832454462173	0.5045886666989734	0.5317506015960655	None	None	None	None	None	None	0	NA	NA	Solid Tissue
PT_18QG3Z4H	7316-1052	Posterior fossa	10	NA	BS_TGS109T3	BS_SPV8AHH5	NA	NA	NA	NA	NA	NA	NA	NA	NA	NA	NA	NA	NA	NA	NA	NA	NA	NA	NA	NA	NA	-0.8093073816422394	1.09944266448836	0.06720071237075878	None	None	None	None	None	None	0	NA	NA	Solid Tissue
PT_1AAYYGGY	7316-4996	Midline	12	BS_DRVEFVQ5	NA	NA	Yes	No	No	No	No	No	H3F3A, TP53	No R132 or R172	None	No V600E	neutral	neutral	loss	neutral	neutral	neutral	neutral	neutral	neutral	NA	NA	NA	NA	NA	NA	NA	NA	NA	NA	NA	NA	NA	NA	Solid Tissue
PT_1AAYYGGY	7316-4996	Midline	12	BS_Y96RP1HJ	NA	NA	Yes	No	No	No	No	No	H3F3A, TP53	No R132 or R172	None	No V600E	neutral	neutral	loss	neutral	neutral	neutral	neutral	neutral	neutral	NA	NA	NA	NA	NA	NA	NA	NA	NA	NA	NA	NA	NA	NA	Solid Tissue
PT_1AAYYGGY	A14709	Midline	12	BS_1RTE2KEX	BS_C83TK159	NA	Yes	No	No	No	No	No	H3F3A, TP53	No R132 or R172	None	No V600E	loss	loss	loss	NA	NA	NA	NA	NA	NA	NA	NA	-0.7820300041617297	1.244435471527047	1.1200159099106406	None	None	None	None	None	None	0	NA	NA	Solid Tissue
PT_1B1Z7BRQ	7316-287	Hemispheric	14	NA	BS_PXCPK5XS	BS_05EMADFS	NA	NA	NA	NA	NA	NA	NA	NA	NA	NA	NA	NA	NA	NA	NA	NA	NA	NA	NA	NA	NA	0.9343803142420092	2.1123980211010838	2.256414654820577	None	None	None	None	None	None	0	NA	NA	Solid Tissue
PT_1DSX4VJM	7316-1708	Midline	6	BS_KYPMZZSY	BS_Q13FQ8FV	BS_3VFJ1SXF	Yes	No	No	No	No	No	H3F3A, TP53	No R132 or R172	None	No V600E	neutral	neutral	neutral	neutral	neutral	neutral	neutral	neutral	neutral	NA	NA	-0.8023870859893512	0.5354223944890746	-0.5804943767220666	None	None	None	None	None	None	0	NA	NA	Solid Tissue
PT_1E3E6GMF	7316-3224	Midline	6	BS_7GKF6M85	NA	NA	Yes	No	No	No	No	No	H3F3A, TP53	No R132 or R172	None	No V600E	neutral	neutral	neutral	neutral	neutral	neutral	neutral	neutral	neutral	NA	NA	NA	NA	NA	NA	NA	NA	NA	NA	NA	NA	NA	NA	Solid Tissue
PT_1E3E6GMF	A09985	Midline	6	BS_541KKASA	BS_JB43XBCQ	NA	Yes	No	No	No	No	No	H3F3A, TP53	No R132 or R172	None	No V600E	neutral	neutral	neutral	NA	NA	NA	NA	NA	NA	NA	NA	-0.8093073816422394	1.039232459525067	0.9825726628962155	None	None	None	None	None	None	0	NA	NA	Solid Tissue
PT_1H2REHT2	7316-3022	Midline	17	BS_79SYEHY3	BS_QWTE1CWR	BS_8GJ6K5QY	No	No	No	No	No	No	TP53	No R132 or R172	None	No V600E	neutral	neutral	neutral	neutral	neutral	neutral	neutral	neutral	neutral	NA	NA	-0.8093073816422394	0.0952060605912282	-0.8217895186911457	None	None	None	None	None	None	0	NA	NA	Solid Tissue
PT_1H2REHT2	7316-3303	Midline	17	BS_96S0VQBN	BS_WKESC3XN	BS_2NZKGP9F	No	No	No	No	No	No	TP53	No R132 or R172	None	No V600E	neutral	neutral	neutral	neutral	neutral	neutral	neutral	neutral	neutral	NA	NA	-0.183259587971747	0.10254143105143829	-0.5513844485640371	None	None	None	None	None	None	0	NA	NA	Solid Tissue
PT_1YQH5NSH	7316-5815	Midline	6	BS_VCE73HPW	NA	NA	Yes	No	No	No	No	No	H3F3A	No R132 or R172	None	No V600E	neutral	neutral	neutral	neutral	neutral	neutral	neutral	neutral	neutral	NA	NA	NA	NA	NA	NA	NA	NA	NA	NA	NA	NA	NA	NA	Solid Tissue
PT_1YQH5NSH	7316-5922	Midline	6	BS_169P1QCA	NA	NA	Yes	No	No	No	No	No	H3F3A	No R132 or R172	None	No V600E	neutral	neutral	neutral	neutral	neutral	neutral	neutral	neutral	neutral	NA	NA	NA	NA	NA	NA	NA	NA	NA	NA	NA	NA	NA	NA	Derived Cell Line
PT_1YQH5NSH	A20091	Midline	6	BS_74TZJTW0	BS_R9B92M75	NA	Yes	No	No	No	No	No	ATRX, H3F3A	No R132 or R172	None	No V600E	neutral	neutral	neutral	NA	NA	NA	NA	NA	NA	NA	NA	-0.8093073816422394	1.3515533369053516	1.2107895516446614	None	None	None	None	None	None	0	NA	NA	Solid Tissue
PT_279D9QZ8	7316-325	Posterior fossa	16	BS_1YTHM07J	BS_PKW05VZV	NA	No	No	No	No	No	No	None	No R132 or R172	None	No V600E	neutral	neutral	neutral	neutral	neutral	neutral	neutral	neutral	neutral	NA	NA	-0.8093073816422394	-0.6256480980671159	-0.6343205327080544	None	None	None	None	None	None	0	NA	NA	Solid Tissue
PT_2A5QN7QS	7316-10004	Hemispheric		BS_GBXD55F1	BS_S6B9DVNS	NA	No	No	No	No	No	Yes	ATRX, H3F3A, TP53	No R132 or R172	None	No V600E	neutral	neutral	neutral	NA	NA	NA	NA	NA	NA	NA	NA	1.5980069819699423	-1.6794931998621232	-0.31401254270852963	None	None	None	None	None	None	0	NA	NA	Solid Tissue
PT_2JDDX6TJ	7316-409	Midline	11	BS_B9QP40ER	BS_XZM79E42	BS_W0XE7GDM	Yes	No	No	No	No	No	ATRX, H3F3A, TP53	No R132 or R172	None	No V600E	loss	neutral	loss	neutral	neutral	neutral	neutral	gain	gain	NA	NA	-0.6653323442674283	-0.10554773599137929	0.9825726628962155	None	None	None	None	None	None	0	NA	NA	Solid Tissue
PT_2QZJ4T95	7316-715	Midline	8	NA	BS_B1C6GZ84	BS_TMEH787Y	NA	NA	NA	NA	NA	NA	NA	NA	NA	NA	NA	NA	NA	NA	NA	NA	NA	NA	NA	NA	NA	-0.8023870859893512	0.8792499181144522	-0.0869147370641956	None	None	None	None	None	None	0	NA	NA	Solid Tissue
PT_2WVW55DA	7316-2092	Hemispheric	0	BS_M28HG0NT	BS_M7HCF7DW	BS_ZS0NAJHV	No	No	No	No	No	No	ATRX, TP53	No R132 or R172	None	No V600E	neutral	neutral	neutral	neutral	neutral	neutral	neutral	neutral	neutral	NA	NA	1.63416072681055	-1.4626921040101781	-0.20201600750839413	None	None	CLIP1--ROS1	None	None	CLIP1--ROS1	1	NA	NA	Solid Tissue
PT_2WVW55DA	7316-2100	Hemispheric	0	BS_RG6JK7ZN	BS_CXVGG342	BS_KBRRF2J1	No	No	No	No	No	No	TP53	No R132 or R172	None	No V600E	neutral	neutral	neutral	neutral	neutral	neutral	neutral	neutral	neutral	NA	NA	1.6587948140035396	-1.1174841096731898	-0.06363104568200612	None	None	CLIP1--ROS1	None	None	CLIP1--ROS1	1	NA	NA	Solid Tissue
PT_30H1KV15	7316-1059	Mixed	13	NA	BS_C41DJZ1F	BS_R96F3NVZ	NA	NA	NA	NA	NA	NA	NA	NA	NA	NA	NA	NA	NA	NA	NA	NA	NA	NA	NA	NA	NA	-0.4402639364229238	0.1777335653660379	0.28627033604015006	None	None	None	None	None	None	0	NA	NA	Solid Tissue
PT_37B5JRP1	7316-2217	Midline	14	BS_EJV0N3BX	BS_M0QYNVK8	BS_5W21AWMR	No	No	No	No	No	No	TP53	No R132 or R172	None	No V600E	neutral	neutral	neutral	neutral	neutral	neutral	neutral	neutral	neutral	NA	NA	0.4215981540171501	0.1054053329425992	0.14618568382871464	None	None	None	None	None	None	0	NA	NA	Solid Tissue
PT_37B5JRP1	7316-2554	Mixed	14	BS_8Q8N6AHW	BS_S6S7SK3P	BS_H3MYZY2E	No	No	No	No	No	No	TP53	No R132 or R172	None	No V600E	neutral	neutral	neutral	neutral	neutral	neutral	neutral	neutral	neutral	NA	NA	-0.6825056606213455	-0.2647542409466655	-0.23688246327363907	None	None	None	None	None	None	0	NA	NA	Solid Tissue
PT_387VK1T9	7316-3625	Hemispheric	0	BS_F064HMTP	BS_9XVACXP0	BS_ZBHB9GQ9	No	No	No	No	No	No	None	No R132 or R172	None	No V600E	neutral	neutral	neutral	neutral	neutral	neutral	neutral	neutral	neutral	NA	NA	1.4371152943567307	-1.6546646546262422	-0.7512488186028284	None	None	None	CCDC88A--ALK	None	CCDC88A--ALK	1	NA	NA	Solid Tissue
PT_38B4CHBF	7316-9849			BS_C5M87D60	BS_BBAEMXRD	NA	No	No	No	No	Yes	No	ATRX, H3F3A, TP53	No R132 or R172	None	No V600E	neutral	neutral	neutral	NA	NA	NA	NA	NA	NA	NA	NA	1.7918358872008415	-0.9940404956706548	0.8234045915980653	None	None	None	None	None	None	0	NA	NA	Solid Tissue
PT_3AWKWXEV	7316-85	Hemispheric	2	BS_CZRA594T	BS_59ZJWJTF	BS_7JTWSDK1	No	No	No	No	No	No	BRAF	No R132 or R172	None	p.V600E	neutral	neutral	neutral	neutral	neutral	neutral	neutral	neutral	neutral	A	739824	0.42632132310272736	-1.5817991947316818	-0.5003343809097912	None	None	None	None	None	None	0	NA	740007	Derived Cell Line
PT_3AWKWXEV	7316-85	Hemispheric	2	BS_E42SSQGJ	BS_BYCX6VK1	BS_7JTWSDK1	No	No	No	No	No	No	BRAF	No R132 or R172	None	p.V600E	neutral	neutral	neutral	neutral	neutral	neutral	neutral	neutral	neutral	NA	NA	1.6593946277318399	0.7083750133464632	1.5498034642398755	None	None	None	None	None	None	0	NA	NA	Solid Tissue
PT_3AWKWXEV	7316-85	Hemispheric	2	BS_E42SSQGJ	BS_SB12W1XT	BS_7JTWSDK1	No	No	No	No	No	No	BRAF	No R132 or R172	None	p.V600E	neutral	neutral	neutral	neutral	neutral	neutral	neutral	neutral	neutral	NA	NA	1.823009898597782	0.6543829383331196	1.063473292086139	None	None	None	None	None	None	0	NA	NA	Solid Tissue
PT_3AWKWXEV	7316-85	Hemispheric	2	BS_ERAWW3H7	BS_QYPHA40N	BS_7JTWSDK1	No	No	No	No	No	No	BRAF	No R132 or R172	None	p.V600E	neutral	neutral	neutral	neutral	neutral	neutral	neutral	neutral	neutral	S	739827	1.3892890471402053	0.33846342674123336	0.2524256914216346	None	None	None	None	None	None	0	NA	740010	Derived Cell Line
PT_3CHB9PK5	7316-2085	Hemispheric	7	BS_8AY2GM4G	BS_G3RJTBZD	BS_K1JR4YRA	No	No	No	No	No	No	ATRX, BRAF, CIC, DAXX, FUBP1, SETD2, TP53	No R132 or R172	None	No V600E	neutral	neutral	neutral	neutral	neutral	neutral	neutral	neutral	neutral	NA	NA	-0.8093073816422394	0.031344098702838476	-0.41092371396176713	None	None	None	None	None	None	0	NA	NA	Solid Tissue
PT_3CHB9PK5	7316-515	Hemispheric	7	BS_20TBZG09	BS_W9N9844Q	BS_NJTKA8YR	No	No	No	No	No	No	ATRX, BRAF, CIC, DAXX, FGFR1, FUBP1, SETD2, TP53	No R132 or R172	None	No V600E	neutral	neutral	neutral	neutral	neutral	neutral	neutral	neutral	neutral	NA	NA	-0.7687822898096894	0.6060353522398093	-0.5003343809097912	None	None	None	None	None	None	0	NA	NA	Solid Tissue
PT_3QFBAXAN	7316-8101	Midline		BS_4K7SDXC7	BS_3ZPJAK9A	NA	Yes	No	No	No	No	No	H3F3A, TP53	No R132 or R172	None	No V600E	neutral	neutral	neutral	NA	NA	NA	NA	NA	NA	NA	NA	-0.8023870859893512	-1.4456192496404083	-1.6129840135297682	None	None	None	None	None	None	0	NA	NA	Solid Tissue
PT_3QFBAXAN	7316-8101	Midline		BS_4K7SDXC7	BS_3ZPJAK9A	NA	Yes	No	No	No	No	No	H3F3A, TP53	No R132 or R172	None	No V600E	neutral	neutral	neutral	NA	NA	NA	NA	NA	NA	NA	NA	-0.8023870859893512	-1.4456192496404083	-1.6129840135297682	None	None	None	None	None	None	0	NA	NA	Solid Tissue
PT_3X3MF8ZD	7316-114	Mixed	9	BS_3NX3RBCX	BS_23QW0BBA	BS_V6MCRDCB	No	No	No	No	No	No	None	No R132 or R172	None	No V600E	neutral	neutral	neutral	neutral	loss	neutral	neutral	neutral	neutral	NA	NA	-0.8093073816422394	1.4088883760506388	-1.8551515300554628	None	None	None	None	None	None	0	NA	NA	Solid Tissue
PT_40HTPY49	7316-466	Midline	7	BS_T7WMJ08W	BS_0VXZCRJS	BS_YXXWVEYJ	Yes	No	No	No	No	No	H3F3A	No R132 or R172	5'Flank	No V600E	neutral	neutral	neutral	neutral	neutral	neutral	neutral	neutral	neutral	NA	NA	-0.7820300041617297	1.153499747711027	1.5782730612852196	None	None	None	None	None	None	0	NA	NA	Solid Tissue
PT_4347ZBEX	7316-913	Hemispheric	3	BS_742CDKAS	BS_1EBQ3T20	BS_DZGBN4Z0	No	No	No	No	No	No	None	No R132 or R172	None	No V600E	neutral	neutral	neutral	neutral	neutral	neutral	neutral	neutral	neutral	NA	NA	-0.7001137903528867	0.7374430902815701	-0.4135582216045812	None	None	None	None	None	None	0	NA	NA	Solid Tissue
PT_4347ZBEX	7316-913	Hemispheric	3	BS_FJEZ3ASV	BS_8ZD6J47V	BS_DZGBN4Z0	No	No	No	No	No	No	None	No R132 or R172	None	No V600E	neutral	neutral	neutral	neutral	neutral	neutral	neutral	neutral	neutral	S	739829	-0.8093073816422394	0.8135160878344655	-0.601203786633756	None	None	None	None	None	None	0	NA	739932	Derived Cell Line
PT_4347ZBEX	7316-913	Hemispheric	3	BS_PKZ1HWNB	BS_M8EA6R2A	BS_DZGBN4Z0	No	No	No	No	No	No	None	No R132 or R172	None	No V600E	neutral	neutral	neutral	neutral	neutral	neutral	neutral	neutral	neutral	A	739828	-0.8023870859893512	0.6618630899791583	0.0939817237700678	None	None	None	None	None	None	0	NA	739931	Derived Cell Line
PT_4A2H0KNR	7316-2599	Hemispheric	0	NA	BS_S2TA8R29	BS_7FZA386P	NA	NA	NA	NA	NA	NA	NA	NA	NA	NA	NA	NA	NA	NA	NA	NA	NA	NA	NA	NA	NA	0.8031433112416579	-0.7727343443865692	-0.5313300527607445	None	None	TRIM24--ROS1	None	None	TRIM24--ROS1	1	NA	NA	Solid Tissue
PT_4B34NTJB	7316-8042	Midline	8	BS_KT3GAAQV	BS_KRS4EV4X	NA	No	No	No	No	No	No	None	No R132 or R172	None	No V600E	amplification	neutral	neutral	NA	NA	NA	NA	NA	NA	NA	NA	-0.8093073816422394	-0.6668605819743808	-0.5746282007072191	None	None	None	None	None	None	0	NA	NA	Solid Tissue
PT_4XB3YTJM	7316-388	Midline	5	BS_823V5X6Z	BS_RX1YTZ7F	BS_DKJFS4BM	Yes	No	No	No	No	No	H3F3A, TP53	No R132 or R172	None	No V600E	neutral	gain	neutral	gain	neutral	neutral	neutral	neutral	neutral	NA	NA	-0.8023870859893512	1.3760278951109706	1.0349186052832666	None	None	None	None	None	None	0	NA	NA	Solid Tissue
PT_4YWZ538V	7316-719	Mixed	7	NA	BS_6DCSD5Y6	BS_05YAF3YQ	NA	NA	NA	NA	NA	NA	NA	NA	NA	NA	NA	NA	NA	NA	NA	NA	NA	NA	NA	NA	NA	-0.7955349716977113	-0.47011257726088423	-0.43479813547522045	None	TSPAN12--MET	None	None	None	TSPAN12--MET	1	NA	NA	Solid Tissue
PT_59D00MBQ	7316-1936	Midline	8	BS_QG6V29H7	BS_ZVWE73JZ	BS_PW855N8A	Yes	No	No	No	No	No	ATRX, H3F3A, TP53	No R132 or R172	None	No V600E	neutral	gain	neutral	neutral	neutral	neutral	neutral	neutral	neutral	NA	NA	-0.8023870859893512	0.6663043885304536	-0.08052964426001652	None	None	None	None	None	None	0	NA	NA	Solid Tissue
PT_59D00MBQ	7316-1937	Midline	8	BS_3E5C1PN1	BS_TM9MH0RP	BS_GTSTAR3W	Yes	No	No	No	No	No	ATRX, H3F3A, TP53	No R132 or R172	None	No V600E	neutral	neutral	neutral	neutral	neutral	neutral	neutral	neutral	neutral	NA	NA	-0.8093073816422394	0.14610433174052923	-0.671279170989642	None	None	None	None	None	None	0	NA	NA	Solid Tissue
PT_59D00MBQ	7316-2810	Midline	8	NA	BS_NNPEC7W1	BS_86MPXAX5	NA	NA	NA	NA	NA	NA	NA	NA	NA	NA	NA	NA	NA	NA	NA	NA	NA	NA	NA	NA	NA	-0.7820300041617297	-0.12498495664424515	0.3804117880965516	None	None	None	None	None	None	0	NA	NA	Solid Tissue
PT_59FJRPVX	7316-3769	Hemispheric	8	BS_WJB33V17	BS_AWH9757B	BS_WRAG947K	No	No	No	No	No	No	None	No R132 or R172	None	No V600E	neutral	neutral	neutral	neutral	neutral	neutral	neutral	neutral	neutral	NA	NA	0.8469155643007081	0.6532942905525224	-0.849535662896488	None	None	None	None	None	None	0	NA	NA	Solid Tissue
PT_5BWZA0NT	7316-1102	Ventricles	12	BS_BFDEZK1C	BS_MB7WN0ZB	BS_5NM9GXXV	Yes	No	No	No	No	No	H3F3A	No R132 or R172	5'Flank	No V600E	neutral	gain	neutral	gain	neutral	gain	gain	neutral	neutral	NA	NA	-0.8023870859893512	1.0063736258679783	-0.02013487051890018	None	None	None	None	None	None	0	NA	NA	Solid Tissue
PT_5D439P2D	7316-9945	Midline		BS_QJHY513X	BS_KFD5128N	NA	No	No	No	No	No	No	TP53	No R132 or R172	None	No V600E	neutral	amplification	amplification	NA	NA	NA	NA	NA	NA	NA	NA	0.2595591410697061	0.13411405717455782	0.06912916514831131	None	None	None	None	None	None	0	NA	NA	Solid Tissue
PT_5K5CZXYB	7316-8035	Hemispheric	14	BS_XNYH7VK6	BS_B4R7X1KE	NA	No	No	No	No	Yes	No	ATRX, H3F3A, TP53	No R132 or R172	None	No V600E	neutral	loss	loss	NA	NA	NA	NA	NA	NA	NA	NA	2.183066320738173	-1.621631435568403	1.3051694617820504	None	None	None	None	None	None	0	NA	NA	Solid Tissue
PT_5K5CZXYB	7316-8035	Hemispheric	14	BS_XNYH7VK6	BS_B4R7X1KE	NA	No	No	No	No	Yes	No	ATRX, H3F3A, TP53	No R132 or R172	None	No V600E	neutral	loss	loss	NA	NA	NA	NA	NA	NA	NA	NA	2.183066320738173	-1.621631435568403	1.3051694617820504	None	None	None	None	None	None	0	NA	NA	Solid Tissue
PT_5R8EWT55	7316-8030	Midline	2	BS_X0KN4VVW	BS_9TXEDSWB	NA	No	No	No	No	No	No	None	No R132 or R172	None	No V600E	neutral	neutral	neutral	NA	NA	NA	NA	NA	NA	NA	NA	-0.8093073816422394	-0.6877566553246827	-0.77440518491949	None	None	None	None	None	None	0	NA	NA	Solid Tissue
PT_5SKQHRC5	7316-9013	Spine		BS_PCVV9GJG	BS_M0XGZ53Z	NA	No	No	No	No	No	No	None	No R132 or R172	None	No V600E	neutral	amplification	amplification	NA	NA	NA	NA	NA	NA	NA	NA	-0.7687822898096894	0.4301230610496516	-0.34901107973144596	None	None	None	None	None	None	0	NA	NA	Solid Tissue
PT_63F63QY0	7316-3521	Midline	11	BS_KAD49R68	BS_VMQMGSJY	BS_FG4HB896	Yes	No	No	No	No	No	BRAF, H3F3A	No R132 or R172	5'Flank	p.V600E	neutral	neutral	neutral	neutral	neutral	neutral	neutral	neutral	neutral	NA	NA	-0.7955349716977113	-0.591698709071927	-1.3065912978499121	None	None	None	None	None	None	0	NA	NA	Solid Tissue
PT_63HDZHCN	7316-2980	Hemispheric	8	BS_S0T3CQ97	BS_29X4ZX6Q	NA	No	No	No	No	No	No	ATRX, TP53	No R132 or R172	None	No V600E	amplification	neutral	loss	neutral	neutral	neutral	neutral	neutral	neutral	NA	NA	0.21636665790163287	0.21135476230568598	-0.11706698824312801	None	None	None	None	None	None	0	NA	NA	Solid Tissue
PT_6D9C46GC	7316-620	Hemispheric	0	NA	BS_PS0P3QJ3	BS_9QS5KCPD	NA	NA	NA	NA	NA	NA	NA	NA	NA	NA	NA	NA	NA	NA	NA	NA	NA	NA	NA	NA	NA	2.161073655968461	-0.48855149060617076	0.3144647465166563	None	None	KIF21A--ROS1	None	None	KIF21A--ROS1	1	NA	NA	Solid Tissue
PT_6GDPNFA6	7316-2610	Hemispheric	4	BS_XGVSX8BX	BS_45J79YTF	BS_YV7KQVDG	No	No	No	No	No	No	None	No R132 or R172	None	No V600E	neutral	neutral	loss	loss	neutral	neutral	neutral	neutral	neutral	NA	NA	0.20189363672303967	1.0965289318786005	-2.2869777194187924	None	MET--PTPRZ1/PTPRZ1--MET	None	None	None	MET--PTPRZ1/PTPRZ1--MET	2	NA	NA	Solid Tissue
PT_6H8X6RZ1	7316-9014	Hemispheric		BS_0TKQP4XJ	BS_T9A8JJW5	NA	No	No	No	No	Yes	No	ATRX, H3F3A, TP53	No R132 or R172	None	No V600E	neutral	gain	gain	NA	NA	NA	NA	NA	NA	NA	NA	1.3536153828761208	-1.621631435568403	0.21431674365609493	None	None	None	None	None	None	0	NA	NA	Solid Tissue
PT_6PJ126FF	7316-8812	Midline		BS_AMKQKHJ6	NA	NA	Yes	No	No	No	No	No	ATRX, FGFR1, H3F3A	No R132 or R172	None	No V600E	neutral	neutral, gain	neutral, gain	NA	NA	NA	NA	NA	NA	NA	NA	NA	NA	NA	NA	NA	NA	NA	NA	NA	NA	NA	NA	Solid Tissue
PT_6PJ126FF	7316-8815	Midline		BS_05CHNS17	BS_4C6B11E4	NA	Yes	No	No	No	No	No	ATRX, FGFR1, H3F3A	No R132 or R172	None	No V600E	neutral	gain	gain	NA	NA	NA	NA	NA	NA	NA	NA	-0.8093073816422394	-0.11163125399530709	-0.11706698824312801	None	None	None	None	None	None	0	NA	NA	Solid Tissue
PT_6PJ126FF	7316-8815	Midline		BS_05CHNS17	BS_4C6B11E4	NA	Yes	No	No	No	No	No	ATRX, FGFR1, H3F3A	No R132 or R172	None	No V600E	neutral	gain	gain	NA	NA	NA	NA	NA	NA	NA	NA	-0.8093073816422394	-0.11163125399530709	-0.11706698824312801	None	None	None	None	None	None	0	NA	NA	Solid Tissue
PT_6PP78VNE	7316-1893	Hemispheric	18	NA	BS_6VPKXXMR	BS_1NRF8RFY	NA	NA	NA	NA	NA	NA	NA	NA	NA	NA	NA	NA	NA	NA	NA	NA	NA	NA	NA	NA	NA	0.9925295776004903	-1.2073239053971905	-1.251094504585591	None	None	None	None	None	None	0	NA	NA	Solid Tissue
PT_6PP78VNE	7316-1893	Hemispheric	18	NA	BS_M85CXHDV	BS_1NRF8RFY	NA	NA	NA	NA	NA	NA	NA	NA	NA	NA	NA	NA	NA	NA	NA	NA	NA	NA	NA	NA	NA	1.0581524242653144	-1.2606220420354826	-0.9847949601510029	None	None	None	None	None	None	0	NA	NA	Solid Tissue
PT_6SH7PV1N	7316-535	Hemispheric	3	BS_MW63FCZC	BS_FEV5A0HN	BS_0EXCT8V6	No	No	No	No	No	No	None	No R132 or R172	None	No V600E	neutral	neutral	neutral	gain	neutral	neutral	neutral	neutral	neutral	NA	NA	0.9036709103128314	0.9749838183177469	0.7221331312134313	None	None	None	None	None	None	0	NA	NA	Solid Tissue
PT_6VD8J6FB	7316-8032	Hemispheric	18	BS_2DNGDW0A	BS_RJC3WDD6	NA	No	No	No	No	Yes	No	ATRX, H3F3A, TP53	No R132 or R172	None	No V600E	loss	loss	loss	NA	NA	NA	NA	NA	NA	NA	NA	2.208389688022736	-0.928097047643793	0.7120106997481743	None	None	None	None	None	None	0	NA	NA	Solid Tissue
PT_6VD8J6FB	7316-8032	Hemispheric	18	BS_2DNGDW0A	BS_RJC3WDD6	NA	No	No	No	No	Yes	No	ATRX, H3F3A, TP53	No R132 or R172	None	No V600E	loss	loss	loss	NA	NA	NA	NA	NA	NA	NA	NA	2.208389688022736	-0.928097047643793	0.7120106997481743	None	None	None	None	None	None	0	NA	NA	Solid Tissue
PT_7570EHD9	7316-1064	Hemispheric	5	NA	BS_JVW2JJ39	BS_G9HXHQQG	NA	NA	NA	NA	NA	NA	NA	NA	NA	NA	NA	NA	NA	NA	NA	NA	NA	NA	NA	NA	NA	1.404735167304623	0.6189140202739044	0.7729912721299912	None	None	None	None	None	None	0	NA	NA	Solid Tissue
PT_7DTGJYA7	7316-1695	Mixed	2	NA	BS_1D6PZNKN	BS_7NPV770K	NA	NA	NA	NA	NA	NA	NA	NA	NA	NA	NA	NA	NA	NA	NA	NA	NA	NA	NA	NA	NA	-0.6430749576453859	0.6249372716926064	-1.2240785600343096	None	None	None	None	FGFR1--TACC1	FGFR1--TACC1	1	NA	NA	Solid Tissue
PT_7DTGJYA7	7316-639	Midline	2	NA	BS_30VC3R2Q	BS_RFJWSR7P	NA	NA	NA	NA	NA	NA	NA	NA	NA	NA	NA	NA	NA	NA	NA	NA	NA	NA	NA	NA	NA	-0.8023870859893512	0.9142571647643097	-0.3115428239086814	None	None	None	None	None	None	0	NA	NA	Solid Tissue
PT_7E3V3JFX	7316-506	Posterior fossa	1	BS_G16NM5WJ	BS_J8VX4D17	BS_64PSB5ZD	No	Yes	No	No	No	No	HIST1H3B	No R132 or R172	None	No V600E	neutral	neutral	neutral	neutral	neutral	neutral	neutral	neutral	neutral	NA	NA	-0.8093073816422394	-1.1044149519567215	-0.19971940851204656	None	None	None	None	None	None	0	NA	NA	Solid Tissue
PT_7FZ8SE69	7316-2152	Midline	12	BS_KHSYAB3J	BS_4B0BAVTX	BS_5NG858V5	Yes	No	No	No	No	No	H3F3A, TP53	No R132 or R172	None	No V600E	neutral	neutral	neutral	neutral	neutral	neutral	neutral	neutral	neutral	NA	NA	-0.8023870859893512	0.18561194606171436	0.008194668026292885	None	None	None	None	None	None	0	NA	NA	Solid Tissue
PT_7P6J57H3	7316-3226	Midline	5	BS_2X60Q1ET	NA	NA	Yes	No	No	No	No	No	H3F3A	No R132 or R172	None	No V600E	neutral	neutral	neutral	gain	neutral	neutral	neutral	neutral	neutral	NA	NA	NA	NA	NA	NA	NA	NA	NA	NA	NA	NA	NA	NA	Solid Tissue
PT_7P6J57H3	7316-3226	Midline	5	BS_7G3AFSCR	NA	NA	Yes	No	No	No	No	No	H3F3A	No R132 or R172	None	No V600E	neutral	neutral	neutral	neutral	neutral	neutral	neutral	neutral	neutral	NA	NA	NA	NA	NA	NA	NA	NA	NA	NA	NA	NA	NA	NA	Solid Tissue
PT_7P6J57H3	7316-3226	Midline	5	BS_B4PPG3X5	NA	NA	Yes	No	No	No	No	No	H3F3A	No R132 or R172	None	No V600E	neutral	neutral	neutral	neutral	neutral	neutral	neutral	neutral	neutral	NA	NA	NA	NA	NA	NA	NA	NA	NA	NA	NA	NA	NA	NA	Solid Tissue
PT_7P6J57H3	A12911	Midline	5	BS_Y0DGBKTY	BS_XM1AHBDJ	NA	Yes	No	No	No	No	No	H3F3A	No R132 or R172	None	No V600E	neutral	neutral	neutral	NA	NA	NA	NA	NA	NA	NA	NA	-0.8093073816422394	-0.1727443362377333	-1.7511545954616703	None	None	None	None	None	None	0	NA	NA	Solid Tissue
PT_7WT6P5M8	7316-2308	Posterior fossa	3	BS_JB3J82ZK	BS_7327SDAQ	BS_NV6NQHM2	No	No	No	No	No	No	TP53	No R132 or R172	None	No V600E	neutral	neutral	deep deletion	neutral	neutral	neutral	neutral	neutral	neutral	NA	NA	-0.7687822898096894	0.6974674186411361	-0.2558058269673702	None	PTPRZ1--MET	None	None	None	PTPRZ1--MET	1	NA	NA	Solid Tissue
PT_814K3T0D	7316-4999	Midline	8	BS_Z3AB3KMP	NA	NA	Yes	No	No	No	No	No	H3F3A, TP53	No R132 or R172	None	No V600E	neutral	neutral	neutral	neutral	neutral	neutral	neutral	neutral	neutral	NA	NA	NA	NA	NA	NA	NA	NA	NA	NA	NA	NA	NA	NA	Solid Tissue
PT_83ECX0KT	7316-8816	Spine		BS_R7H6ZV8M	BS_F21R36MM	NA	No	No	No	No	No	No	FUBP1	No R132 or R172	None	No V600E	neutral	neutral	neutral	NA	NA	NA	NA	NA	NA	NA	NA	-0.8023870859893512	-0.8726856462950892	-0.2629624750542837	None	None	None	None	None	None	0	NA	NA	Solid Tissue
PT_84Q11Z5X	7316-288	Midline	14	NA	BS_KBEX4RT2	BS_1V5C9YRJ	NA	NA	NA	NA	NA	NA	NA	NA	NA	NA	NA	NA	NA	NA	NA	NA	NA	NA	NA	NA	NA	-0.8023870859893512	1.939695468857666	1.7099067475644283	None	None	None	None	None	None	0	NA	NA	Solid Tissue
PT_858H7ABM	7316-903	Midline	16	BS_872Q3FK2	BS_S5P8VTN5	BS_ER1S1BYR	Yes	No	No	No	No	No	ATRX, H3F3A	No R132 or R172	None	No V600E	neutral	neutral	neutral	gain	neutral	neutral	neutral	neutral	neutral	NA	NA	-0.6109699973524981	1.10579322485732	0.010198402000132223	None	None	None	None	None	None	0	NA	NA	Solid Tissue
PT_89XRZBSG	7316-1789	Hemispheric	6	BS_X1DSETVE	BS_49FQXT2E	BS_2N7G3R27	No	No	No	No	No	No	None	No R132 or R172	None	No V600E	neutral	neutral	neutral	neutral	neutral	neutral	neutral	neutral	neutral	NA	NA	0.5607304331172203	-0.06558380895791033	-0.6964204534068157	None	None	None	None	None	None	0	NA	NA	Solid Tissue
PT_89XRZBSG	7316-445	Hemispheric	6	BS_G9MQM1KK	BS_ZD5HN296	BS_7R0JWX21	No	No	No	No	No	No	None	No R132 or R172	None	No V600E	neutral	neutral	neutral	neutral	neutral	neutral	neutral	neutral	neutral	NA	NA	0.9400255073696064	0.6375717225781715	1.2362876750785154	None	None	None	None	None	None	0	NA	NA	Solid Tissue
PT_8ATS9ATC	7316-8754	Hemispheric		BS_X1TRW9RH	BS_KKDTW11T	NA	No	No	No	No	Yes	No	H3F3A, TP53	No R132 or R172	None	No V600E	neutral	amplification	amplification	NA	NA	NA	NA	NA	NA	NA	NA	1.4041584807252665	-1.2606220420354826	0.18599650926061206	None	None	None	None	None	None	0	NA	NA	Solid Tissue
PT_8ATS9ATC	7316-8754	Hemispheric		BS_X1TRW9RH	BS_KKDTW11T	NA	No	No	No	No	Yes	No	H3F3A, TP53	No R132 or R172	None	No V600E	neutral	amplification	amplification	NA	NA	NA	NA	NA	NA	NA	NA	1.4041584807252665	-1.2606220420354826	0.18599650926061206	None	None	None	None	None	None	0	NA	NA	Solid Tissue
PT_8GN3TQRM	7316-2069	Hemispheric	5	BS_QQP17PDQ	BS_WAXJY4XQ	BS_H2TZE6ZA	No	No	No	No	No	No	None	No R132 or R172	None	No V600E	gain	neutral	loss	gain	neutral	gain	gain	loss	loss	NA	NA	1.052914245636023	0.25352298900219444	0.5905527572488579	None	None	None	None	None	None	0	NA	NA	Solid Tissue
PT_8GN3TQRM	7316-2091	Hemispheric	5	BS_RXSBJ929	BS_WJ9H4NZZ	BS_BPWVWQ30	No	No	No	No	No	No	None	No R132 or R172	None	No V600E	gain	neutral	loss	gain	neutral	gain	gain	loss	loss	NA	NA	1.1828953275073957	0.7796445212967413	1.1326259340429143	None	None	None	None	None	None	0	NA	NA	Solid Tissue
PT_8GN3TQRM	7316-2737	Hemispheric	5	BS_S791VC80	BS_P0QF87WC	BS_YMA9N90V	No	No	No	No	No	No	None	No R132 or R172	None	No V600E	gain	neutral	loss	gain	neutral	gain	gain	loss	loss	NA	NA	0.5430476846446759	-0.5639266493448568	-0.23923520527696604	None	None	None	None	None	None	0	NA	NA	Solid Tissue
PT_8HZN8J7C	7316-8034	Hemispheric		BS_BT83BCEE	BS_JTWNJ8T7	NA	No	No	No	No	No	No	None	No R132 or R172	None	No V600E	gain	loss	loss	NA	NA	NA	NA	NA	NA	NA	NA	1.128052485773472	0.7871123899100003	0.1680281683748645	None	None	None	None	None	None	0	NA	NA	Solid Tissue
PT_8P368R5B	7316-4998	Midline	13	BS_CD7AXQM8	BS_FXJY0MNH	NA	No	No	No	No	No	No	None	No R132 or R172	None	No V600E	neutral	neutral	neutral	neutral	neutral	neutral	neutral	neutral	neutral	NA	NA	-0.8093073816422394	0.739607644196643	1.3129226664547466	None	None	None	None	None	None	0	NA	NA	Solid Tissue
PT_8SF8D0M9	7316-8100	Midline		BS_Z8GRJ71M	BS_4KNBXM3C	NA	Yes	No	No	No	No	No	H3F3A, TP53	No R132 or R172	None	No V600E	loss	neutral	neutral	NA	NA	NA	NA	NA	NA	NA	NA	-0.7955349716977113	-0.5857381478019257	-1.4088002315658765	None	None	None	None	None	None	0	NA	NA	Solid Tissue
PT_8SF8D0M9	7316-8100	Midline		BS_Z8GRJ71M	BS_4KNBXM3C	NA	Yes	No	No	No	No	No	H3F3A, TP53	No R132 or R172	None	No V600E	loss	neutral	neutral	NA	NA	NA	NA	NA	NA	NA	NA	-0.7955349716977113	-0.5857381478019257	-1.4088002315658765	None	None	None	None	None	None	0	NA	NA	Solid Tissue
PT_9BZETM0M	7316-158	Hemispheric	17	BS_STNH7YSX	BS_5P1TN10Z	BS_H07WTQEH	No	No	No	No	Yes	No	H3F3A, TP53	No R132 or R172	None	No V600E	gain	neutral	neutral	neutral	neutral	gain	gain	neutral	neutral	NA	NA	1.9062762096669905	-1.5172210936463897	0.5698088062549993	None	None	None	None	None	None	0	NA	NA	Solid Tissue
PT_9BZETM0M	7316-158	Hemispheric	17	BS_STNH7YSX	BS_TV5B86ZD	BS_H07WTQEH	No	No	No	No	Yes	No	H3F3A, TP53	No R132 or R172	None	No V600E	gain	neutral	neutral	neutral	neutral	gain	gain	neutral	neutral	NA	NA	1.5596396478189702	-1.6308752705086633	0.6902770232296944	None	None	None	None	None	None	0	NA	NA	Solid Tissue
PT_9GKVQ9QS	7316-3213	Midline	5	BS_3Z40EZHD	NA	NA	Yes	No	No	No	No	No	H3F3A, TP53	No R132 or R172	None	No V600E	neutral	gain	loss	neutral	neutral	neutral	neutral	neutral	neutral	NA	NA	NA	NA	NA	NA	NA	NA	NA	NA	NA	NA	NA	NA	Solid Tissue
PT_9GKVQ9QS	7316-3213	Midline	5	BS_JRFVST47	NA	NA	Yes	No	No	No	No	No	H3F3A, TP53	No R132 or R172	None	No V600E	neutral	amplification	loss	neutral	neutral	neutral	neutral	neutral	neutral	NA	NA	NA	NA	NA	NA	NA	NA	NA	NA	NA	NA	NA	NA	Solid Tissue
PT_9GKVQ9QS	A05262	Midline	5	BS_6B62YT97	BS_GWSJ4Z9H	NA	Yes	No	No	No	No	No	H3F3A, TP53	No R132 or R172	None	No V600E	neutral	amplification	amplification	NA	NA	NA	NA	NA	NA	NA	NA	0.2801894156260546	1.1962221877147476	1.190454847071985	None	MET--UBE2L3/UBE2L3--MET	None	None	None	MET--UBE2L3/UBE2L3--MET	2	NA	NA	Solid Tissue
PT_9JT1441X	7316-544	Midline	10	NA	BS_7GJT4A6A	BS_9R6GH6CW	NA	NA	NA	NA	NA	NA	NA	NA	NA	NA	NA	NA	NA	NA	NA	NA	NA	NA	NA	NA	NA	-0.8093073816422394	0.3511546013063262	1.535565860729213e-4	None	None	None	None	None	None	0	NA	NA	Solid Tissue
PT_9N0SR1D7	7316-249	Mixed	14	NA	BS_YEW22W35	BS_Z2T8V6NF	NA	NA	NA	NA	NA	NA	NA	NA	NA	NA	NA	NA	NA	NA	NA	NA	NA	NA	NA	NA	NA	-0.7820300041617297	1.2889049278668554	0.6096648561201986	None	None	None	None	None	None	0	NA	NA	Solid Tissue
PT_9W4WTVFZ	7316-1312	Mixed	7	NA	BS_PQVTB6BB	BS_2RY6Y2EJ	NA	NA	NA	NA	NA	NA	NA	NA	NA	NA	NA	NA	NA	NA	NA	NA	NA	NA	NA	NA	NA	-0.8093073816422394	0.6855550079773697	-0.011987394677705498	None	None	None	None	None	None	0	NA	NA	Solid Tissue
PT_A06JR0E5	7316-5004	Midline	6	BS_4DYW3T2A	NA	NA	Yes	No	No	No	No	No	H3F3A, TP53	No R132 or R172	None	No V600E	neutral	neutral	loss	neutral	gain	neutral	neutral	neutral	neutral	NA	NA	NA	NA	NA	NA	NA	NA	NA	NA	NA	NA	NA	NA	Solid Tissue
PT_A06JR0E5	A17096	Midline	6	BS_XPZAD9PP	BS_X4DD4KSZ	NA	Yes	No	No	No	No	No	H3F3A, TP53	No R132 or R172	None	No V600E	neutral	neutral	neutral	NA	NA	NA	NA	NA	NA	NA	NA	-0.71817932488543	1.3564894765523137	2.108950813513175	None	None	None	None	None	None	0	NA	NA	Solid Tissue
PT_A06JR0E5	CNMC-1034	Midline	6	BS_KQPCYZ2K	NA	NA	Yes	No	No	No	No	No	H3F3A, TP53	No R132 or R172	None	No V600E	NA	NA	NA	NA	NA	NA	NA	NA	NA	NA	NA	NA	NA	NA	NA	NA	NA	NA	NA	NA	NA	NA	NA	Derived Cell Line
PT_A325EYR2	7316-2557	Mixed	7	BS_YB99Q6TN	BS_5965SFPZ	BS_G6DSNCE9	Yes	No	No	No	No	No	H3F3A	No R132 or R172	None	No V600E	neutral	neutral	neutral	neutral	neutral	neutral	neutral	neutral	neutral	NA	NA	-0.8023870859893512	0.07261434650011715	-0.7059552785557975	None	None	None	None	None	None	0	NA	NA	Solid Tissue
PT_A7EPZSBH	7316-9946			BS_3DV5FVPQ	NA	NA	Yes	No	No	No	No	No	H3F3A, TP53	No R132 or R172	None	No V600E	neutral	neutral	neutral	NA	NA	NA	NA	NA	NA	NA	NA	NA	NA	NA	NA	NA	NA	NA	NA	NA	NA	NA	NA	Solid Tissue
PT_AP658JQV	7316-1694	Hemispheric	12	NA	BS_8MA5B8Y9	BS_TSMY09VT	NA	NA	NA	NA	NA	NA	NA	NA	NA	NA	NA	NA	NA	NA	NA	NA	NA	NA	NA	NA	NA	0.1513519884375554	-1.6080415456335297	-1.2240785600343096	None	None	None	None	None	None	0	NA	NA	Solid Tissue
PT_AP658JQV	7316-519	Hemispheric	12	NA	BS_3MS8WVNR	BS_7YW8W58B	NA	NA	NA	NA	NA	NA	NA	NA	NA	NA	NA	NA	NA	NA	NA	NA	NA	NA	NA	NA	NA	1.2913497239257714	-0.8486447142017414	-0.46176676421763313	None	None	None	None	None	None	0	NA	NA	Solid Tissue
PT_ARCM3PXM	7316-1187	Hemispheric	13	NA	BS_FYRDYBMZ	BS_Z4Q0JCGB	NA	NA	NA	NA	NA	NA	NA	NA	NA	NA	NA	NA	NA	NA	NA	NA	NA	NA	NA	NA	NA	1.1860602202265944	-0.12235460690546644	-1.3399128001696576	None	None	None	None	None	None	0	NA	NA	Solid Tissue
PT_B38P3Y5T	7316-3208	Midline	9	BS_DH86PF5A	BS_97M1E2DW	BS_XWAT4JQM	Yes	No	No	No	No	No	H3F3A	No R132 or R172	None	No V600E	neutral	neutral	neutral	gain	neutral	neutral	neutral	neutral	neutral	NA	NA	-0.7820300041617297	0.7385985445880551	-0.15672246746136326	None	HNRNPA2B1--MET	None	None	None	HNRNPA2B1--MET	1	NA	NA	Solid Tissue
PT_C2D4JXS1	7316-1746	Posterior fossa	6	BS_68TZMZH1	BS_0RQ4P069	BS_XPBRB9S7	No	No	No	No	No	No	TP53	No R132 or R172	None	No V600E	neutral	neutral	neutral	neutral	neutral	neutral	neutral	neutral	neutral	A	739839	-0.8093073816422394	-1.7216223461390594	-0.5031265291664003	None	None	None	None	None	None	0	NA	739942	Derived Cell Line
PT_C2D4JXS1	7316-1746	Posterior fossa	6	BS_AFBPM6CN	BS_PNYN0AYD	BS_XPBRB9S7	No	No	No	No	No	No	TP53	No R132 or R172	None	No V600E	neutral	neutral	neutral	neutral	neutral	neutral	neutral	neutral	neutral	S	739838	-0.7955349716977113	-1.6949280843513421	0.5558226125433414	None	None	None	None	None	None	0	NA	739941	Derived Cell Line
PT_C2D4JXS1	7316-1746	Posterior fossa	6	NA	BS_R5SNFB5B	BS_XPBRB9S7	NA	NA	NA	NA	NA	NA	NA	NA	NA	NA	NA	NA	NA	NA	NA	NA	NA	NA	NA	NA	NA	-0.8093073816422394	-1.7326612041150276	-0.5313300527607445	None	None	None	None	None	None	0	NA	NA	Solid Tissue
PT_C5FKRB1P	7316-4994	Midline	12	BS_0AK4F99X	NA	NA	No	No	No	No	No	No	None	No R132 or R172	None	No V600E	neutral	neutral	neutral	neutral	neutral	neutral	neutral	neutral	neutral	NA	NA	NA	NA	NA	NA	NA	NA	NA	NA	NA	NA	NA	NA	Solid Tissue
PT_C5FKRB1P	7316-4994	Midline	12	BS_Z64NEPNE	NA	NA	No	No	No	No	No	No	None	No R132 or R172	None	No V600E	neutral	neutral	neutral	neutral	neutral	neutral	neutral	neutral	neutral	NA	NA	NA	NA	NA	NA	NA	NA	NA	NA	NA	NA	NA	NA	Solid Tissue
PT_C5FKRB1P	A14565	Midline	12	BS_A6YJ3WG2	BS_W7MFJZ5A	NA	No	No	No	No	No	No	None	No R132 or R172	None	No V600E	loss	loss	loss	NA	NA	NA	NA	NA	NA	NA	NA	-0.7687822898096894	1.3148037219772464	1.6406416881614045	None	None	None	None	None	None	0	NA	NA	Solid Tissue
PT_C71G98K3	7316-8658	Midline		BS_WPV7N6NQ	BS_E7NVYA6G	NA	Yes	No	No	No	No	No	H3F3A, TP53	No R132 or R172	None	No V600E	neutral	neutral	neutral	NA	NA	NA	NA	NA	NA	NA	NA	-0.5000355191094675	-1.4626921040101781	-0.7123447870661449	None	None	None	None	None	None	0	NA	NA	Solid Tissue
PT_C71G98K3	7316-8658	Midline		BS_WPV7N6NQ	BS_E7NVYA6G	NA	Yes	No	No	No	No	No	H3F3A, TP53	No R132 or R172	None	No V600E	neutral	neutral	neutral	NA	NA	NA	NA	NA	NA	NA	NA	-0.5000355191094675	-1.4626921040101781	-0.7123447870661449	None	None	None	None	None	None	0	NA	NA	Solid Tissue
PT_C86SGM7B	7316-8336	Hemispheric		BS_G5VS97AD	BS_8ZE4Z9G5	NA	No	No	No	No	Yes	No	ATRX, H3F3A, TP53	No R132 or R172	None	No V600E	neutral	neutral	neutral	NA	NA	NA	NA	NA	NA	NA	NA	2.6318836642521375	-1.7382620703369558	1.0875342400781223	None	None	None	None	None	None	0	NA	NA	Solid Tissue
PT_C86SGM7B	7316-8336	Hemispheric		BS_G5VS97AD	BS_8ZE4Z9G5	NA	No	No	No	No	Yes	No	ATRX, H3F3A, TP53	No R132 or R172	None	No V600E	neutral	neutral	neutral	NA	NA	NA	NA	NA	NA	NA	NA	2.6318836642521375	-1.7382620703369558	1.0875342400781223	None	None	None	None	None	None	0	NA	NA	Solid Tissue
PT_C9YDTZPA	7316-5000	Midline	5	BS_B19AWBBW	NA	NA	Yes	No	No	No	No	No	H3F3A	No R132 or R172	None	No V600E	neutral	neutral	neutral	neutral	neutral	neutral	neutral	neutral	neutral	NA	NA	NA	NA	NA	NA	NA	NA	NA	NA	NA	NA	NA	NA	Solid Tissue
PT_C9YDTZPA	A15726	Midline	5	BS_74SJ7YV4	BS_Z3RCA1T9	NA	Yes	No	No	No	No	No	H3F3A	No R132 or R172	None	No V600E	neutral	neutral	neutral	NA	NA	NA	NA	NA	NA	NA	NA	-0.8093073816422394	1.7314441690243378	2.170724604219905	None	None	None	None	None	None	0	NA	NA	Solid Tissue
PT_CB1DN0V8	7316-2241	Hemispheric	6	NA	BS_84XCR9GG	BS_N5VEQ8RH	NA	NA	NA	NA	NA	NA	NA	NA	NA	NA	NA	NA	NA	NA	NA	NA	NA	NA	NA	NA	NA	1.676762894044947	0.6044847349138172	-0.4864490808604365	None	None	None	None	None	None	0	NA	NA	Solid Tissue
PT_CQS4V67V	7316-9212	Hemispheric		BS_1SDWBXX8	BS_WBVSK3MP	NA	No	No	No	No	Yes	No	ATRX, H3F3A, TP53	No R132 or R172	None	No V600E	gain	neutral, gain	neutral, gain	NA	NA	NA	NA	NA	NA	NA	NA	2.027143711064412	-0.789455647593443	0.42693705945171945	None	None	None	None	None	None	0	NA	NA	Solid Tissue
PT_CSKHQB16	7316-4995	Midline	4	BS_KQRAHH6Y	NA	NA	No	Yes	No	No	No	No	HIST1H3B, TP53	No R132 or R172	None	No V600E	neutral	neutral	loss	gain	neutral	neutral	neutral	neutral	neutral	NA	NA	NA	NA	NA	NA	NA	NA	NA	NA	NA	NA	NA	NA	Solid Tissue
PT_CSKHQB16	7316-4995	Midline	4	BS_X6H86RTA	NA	NA	No	Yes	No	No	No	No	HIST1H3B, SETD2, TP53	No R132 or R172	None	No V600E	neutral	neutral	loss	neutral	neutral	neutral	neutral	neutral	neutral	NA	NA	NA	NA	NA	NA	NA	NA	NA	NA	NA	NA	NA	NA	Solid Tissue
PT_CSKHQB16	A14567	Midline	4	BS_CX6KACX6	BS_QNNX91SM	NA	No	Yes	No	No	No	No	HIST1H3B, TP53	No R132 or R172	None	No V600E	loss	loss	loss	NA	NA	NA	NA	NA	NA	NA	NA	-0.7955349716977113	1.5219568705777333	2.026320540083369	None	None	None	None	None	None	0	NA	NA	Solid Tissue
PT_CSZ9QA1N	7316-1464	Mixed	5	NA	BS_2EN3X6HB	NA	NA	NA	NA	NA	NA	NA	NA	NA	NA	NA	NA	NA	NA	NA	NA	NA	NA	NA	NA	NA	NA	-0.8093073816422394	0.05391955782730036	-0.4428392469154404	None	None	None	None	None	None	0	NA	NA	Solid Tissue
PT_CSZ9QA1N	7316-371	Midline	5	NA	BS_W60RQAKK	BS_NHHQWHER	NA	NA	NA	NA	NA	NA	NA	NA	NA	NA	NA	NA	NA	NA	NA	NA	NA	NA	NA	NA	NA	-0.4867878047574274	0.0884543978202699	0.0021677744554973975	None	None	None	None	None	None	0	NA	NA	Solid Tissue
PT_D9A6G154	7316-9211	Spine		BS_53JGYCCZ	BS_TR2P8KRF	NA	Yes	No	No	No	No	No	H3F3A, TP53	No R132 or R172	None	No V600E	neutral	amplification	amplification	NA	NA	NA	NA	NA	NA	NA	NA	-0.8093073816422394	0.7081467220684807	-2.1507679291956867	None	None	None	None	None	None	0	NA	NA	Solid Tissue
PT_DJ106XYS	7316-3935	Other	12	BS_WJF6ZXWN	BS_NR3P3GN2	BS_P35A0SPN	Yes	No	No	No	No	No	H3F3A, TP53	No R132 or R172	None	No V600E	neutral	neutral	neutral	neutral	neutral	neutral	neutral	neutral	neutral	NA	NA	-0.8093073816422394	0.13827726379339478	-0.3900083589165715	None	None	None	None	None	None	0	NA	NA	Solid Tissue
PT_DMAF1J4A	7316-5006	Midline	6	BS_JD05XR6E	NA	NA	Yes	No	No	No	No	No	H3F3A, TP53	No R132 or R172	None	No V600E	gain	gain	neutral	neutral	neutral	neutral	neutral	neutral	neutral	NA	NA	NA	NA	NA	NA	NA	NA	NA	NA	NA	NA	NA	NA	Solid Tissue
PT_DMAF1J4A	A18552	Midline	6	BS_JCWD4DMA	BS_H97S5SQN	NA	Yes	No	No	No	No	No	H3F3A, TP53	No R132 or R172	None	No V600E	gain	gain	gain	NA	NA	NA	NA	NA	NA	NA	NA	-0.7820300041617297	1.3581415511356707	1.988553946694696	None	None	None	None	None	None	0	NA	NA	Solid Tissue
PT_DNH1VP67	7316-1062	Mixed	5	NA	BS_T1YHK6B7	BS_6YAX2HSE	NA	NA	NA	NA	NA	NA	NA	NA	NA	NA	NA	NA	NA	NA	NA	NA	NA	NA	NA	NA	NA	-0.8093073816422394	-0.08337391940138399	0.17703854716491615	None	None	None	None	None	None	0	NA	NA	Solid Tissue
PT_DW2XRPC9	7316-1723	Hemispheric	10	NA	BS_8ZS9F31R	BS_W0FSAQJ5	NA	NA	NA	NA	NA	NA	NA	NA	NA	NA	NA	NA	NA	NA	NA	NA	NA	NA	NA	NA	NA	-0.8093073816422394	-1.6949280843513421	-1.1714283257103693	None	None	None	None	None	None	0	NA	NA	Solid Tissue
PT_DW2XRPC9	7316-430	Hemispheric	10	NA	BS_5CTVXVRX	BS_1TPEKAK9	NA	NA	NA	NA	NA	NA	NA	NA	NA	NA	NA	NA	NA	NA	NA	NA	NA	NA	NA	NA	NA	-0.8093073816422394	-1.6450291133912287	-1.4968167206535055	None	None	None	None	None	None	0	NA	NA	Solid Tissue
PT_E4TXAYR6	7316-9077	Hemispheric		BS_02QV7ZWP	BS_ECNBQ2RA	NA	No	No	No	No	No	No	None	No R132 or R172	None	No V600E	neutral	gain	gain	NA	NA	NA	NA	NA	NA	NA	NA	0.6184105393346373	-0.32003321429096043	-0.5775584952958039	None	None	None	ALK--PPP1CB/PPP1CB--ALK	None	ALK--PPP1CB/PPP1CB--ALK	2	NA	NA	Solid Tissue
PT_E9PS2A96	7316-9011	Hemispheric		BS_F6YJDSXZ	BS_JJVH7WR0	NA	No	No	No	No	Yes	No	ATRX, H3F3A, TP53	No R132 or R172	None	No V600E	loss	amplification	amplification	NA	NA	NA	NA	NA	NA	NA	NA	1.9090732533519548	-1.3034991927928157	0.16078171104135963	None	None	None	None	None	None	0	NA	NA	Solid Tissue
PT_EN2RN5Y1	7316-5005	Midline	8	BS_G65EA38C	NA	NA	Yes	No	No	No	No	No	ATRX, H3F3A	No R132 or R172	None	No V600E	neutral	neutral	neutral	neutral	neutral	neutral	neutral	neutral	neutral	NA	NA	NA	NA	NA	NA	NA	NA	NA	NA	NA	NA	NA	NA	Solid Tissue
PT_EN2RN5Y1	A17997	Midline	8	BS_328C4BW5	BS_NEVYM2FP	NA	Yes	No	No	No	No	No	ATRX, H3F3A	No R132 or R172	None	No V600E	loss	loss	loss	NA	NA	NA	NA	NA	NA	NA	NA	-0.7955349716977113	1.4850094944929206	1.4119275659451984	None	None	None	None	None	None	0	NA	NA	Solid Tissue
PT_EN2RN5Y1	SF11385	Midline	8	BS_AH3RVK53	NA	NA	Yes	No	No	No	No	No	ATRX, H3F3A	No R132 or R172	None	No V600E	neutral	neutral	neutral	neutral	neutral	neutral	neutral	neutral	neutral	NA	NA	NA	NA	NA	NA	NA	NA	NA	NA	NA	NA	NA	NA	Derived Cell Line
PT_ERTJRQ37	7316-9854	Spine		BS_VS3R7XVV	BS_DSPVSM7D	NA	Yes	No	No	No	No	No	H3F3A, TP53	No R132 or R172	None	No V600E	neutral	gain	gain	NA	NA	NA	NA	NA	NA	NA	NA	-0.8093073816422394	0.2328297736282626	0.05168552477648698	None	None	None	None	None	None	0	NA	NA	Solid Tissue
PT_FF0NV7ZM	7316-716	Hemispheric	1	NA	BS_4PWDGEB0	BS_N55ANSCK	NA	NA	NA	NA	NA	NA	NA	NA	NA	NA	NA	NA	NA	NA	NA	NA	NA	NA	NA	NA	NA	-0.13678561267323128	-0.02051489973892221	1.6217730734882252	None	None	None	None	None	None	0	NA	NA	Solid Tissue
PT_FKCPVY7V	7316-8031	Midline	11	BS_4SCDT7M9	BS_9FX3YREK	NA	Yes	No	No	No	No	No	ATRX, H3F3A, TP53	No R132 or R172	None	No V600E	neutral	loss	loss	NA	NA	NA	NA	NA	NA	NA	NA	-0.8023870859893512	0.7139773713667321	0.7233937693039929	None	None	None	None	None	None	0	NA	NA	Solid Tissue
PT_FKCPVY7V	7316-8031	Midline	11	BS_4SCDT7M9	BS_9FX3YREK	NA	Yes	No	No	No	No	No	ATRX, H3F3A, TP53	No R132 or R172	None	No V600E	neutral	loss	loss	NA	NA	NA	NA	NA	NA	NA	NA	-0.8023870859893512	0.7139773713667321	0.7233937693039929	None	None	None	None	None	None	0	NA	NA	Solid Tissue
PT_FYPWZBH0	7316-1085	Midline	9	BS_ZCY4ECNV	BS_2A5R9MEJ	BS_PYSE2QW3	Yes	No	No	No	No	No	H3F3A, TP53	No R132 or R172	None	No V600E	neutral	neutral	loss	neutral	neutral	neutral	neutral	neutral	neutral	NA	NA	-0.8093073816422394	0.5931377539460733	-2.7388973267121486	None	None	None	None	None	None	0	NA	NA	Solid Tissue
PT_FZP24XYK	7316-1060	Hemispheric	16	NA	BS_Z8F3GM85	BS_J5V9PEM9	NA	NA	NA	NA	NA	NA	NA	NA	NA	NA	NA	NA	NA	NA	NA	NA	NA	NA	NA	NA	NA	1.1745183042512988	-1.599158812987748	0.14618568382871464	None	None	None	None	None	None	0	NA	NA	Solid Tissue
PT_G16VK7FR	7316-5814	Midline	5	BS_JDZX545X	NA	NA	No	Yes	No	No	No	No	HIST1H3B, TP53	No R132 or R172	None	No V600E	neutral	neutral	neutral	neutral	neutral	neutral	neutral	neutral	neutral	NA	NA	NA	NA	NA	NA	NA	NA	NA	NA	NA	NA	NA	NA	Solid Tissue
PT_G16VK7FR	A19649	Midline	5	BS_2HDEZFTW	BS_XGDPK33A	NA	No	Yes	No	No	No	No	HIST1H3B, TP53	No R132 or R172	None	No V600E	neutral	neutral	neutral	NA	NA	NA	NA	NA	NA	NA	NA	-0.8093073816422394	1.096989988938004	1.95777232431615	None	None	None	None	None	None	0	NA	NA	Solid Tissue
PT_G16VK7FR	CNMC-1277	Midline	5	BS_JEZBA2EW	NA	NA	No	Yes	No	No	No	No	HIST1H3B, TP53	No R132 or R172	None	No V600E	NA	NA	NA	NA	NA	NA	NA	NA	NA	NA	NA	NA	NA	NA	NA	NA	NA	NA	NA	NA	NA	NA	NA	Derived Cell Line
PT_G395P98S	7316-8826	Hemispheric		BS_13DJ6WHW	BS_FKASA3MN	NA	No	No	No	No	Yes	No	H3F3A, TP53	No R132 or R172	None	No V600E	amplification	loss, neutral	loss, neutral	NA	NA	NA	NA	NA	NA	NA	NA	1.895828223058918	-1.617065279910364	-0.03038021331417972	None	None	None	None	None	None	0	NA	NA	Solid Tissue
PT_G395P98S	7316-8826	Hemispheric		BS_13DJ6WHW	BS_FKASA3MN	NA	No	No	No	No	Yes	No	H3F3A, TP53	No R132 or R172	None	No V600E	amplification	loss, neutral	loss, neutral	NA	NA	NA	NA	NA	NA	NA	NA	1.895828223058918	-1.617065279910364	-0.03038021331417972	None	None	None	None	None	None	0	NA	NA	Solid Tissue
PT_G4N67N0D	7316-1057	Mixed	11	NA	BS_58YXHGAJ	BS_Y6CXCPED	NA	NA	NA	NA	NA	NA	NA	NA	NA	NA	NA	NA	NA	NA	NA	NA	NA	NA	NA	NA	NA	2.1095701126157467	1.1516538513963865	1.732319625091567	None	None	None	None	None	None	0	NA	NA	Solid Tissue
PT_G9A050X1	7316-8028	Other	11	BS_18RH1034	BS_F9Y4Z92G	NA	No	No	No	No	No	No	TP53	No R132 or R172	None	No V600E	NA	NA	NA	NA	NA	NA	NA	NA	NA	NA	NA	0.9495184107274819	0.4307433375138988	-0.43747384308436804	None	None	None	None	None	None	0	NA	NA	Solid Tissue
PT_G9A050X1	7316-8028	Other	11	BS_QF7M4SHH	BS_F9Y4Z92G	NA	No	No	No	No	No	No	None	No R132 or R172	None	No V600E	loss	loss	loss	NA	NA	NA	NA	NA	NA	NA	NA	0.9495184107274819	0.4307433375138988	-0.43747384308436804	None	None	None	None	None	None	0	NA	NA	Solid Tissue
PT_GBCZ0RW3	7316-9642			BS_S3DSBR9Y	BS_TPB6WVF4	NA	No	No	No	No	No	No	SETD2	No R132 or R172	5'Flank	No V600E	neutral	neutral, gain	neutral, gain	NA	NA	NA	NA	NA	NA	NA	NA	1.2329902919271425	-1.0301218899836941	-1.0793434872506515	None	None	None	None	None	None	0	NA	NA	Solid Tissue
PT_H2HT2WQX	7316-619	Hemispheric	3	NA	BS_SNVM7CZT	BS_G63HAA4X	NA	NA	NA	NA	NA	NA	NA	NA	NA	NA	NA	NA	NA	NA	NA	NA	NA	NA	NA	NA	NA	1.885365309569567	0.07771288581555721	1.5094943548558746	None	None	None	BCL11A--ALK	None	BCL11A--ALK	1	NA	NA	Solid Tissue
PT_HA0E85NR	7316-9304			BS_AN55105E	BS_JMD386Z2	NA	No	No	No	No	No	No	ACRV1, ATRX, TP53	No R132 or R172	None	No V600E	neutral	gain	gain	NA	NA	NA	NA	NA	NA	NA	NA	1.1631896353346747	-0.7446057570071211	-0.09332641603582321	None	None	None	None	None	None	0	NA	NA	Solid Tissue
PT_HGM20MW7	7316-3221	Midline	9	BS_FK3B5SDH	NA	NA	Yes	No	No	No	No	No	BRAF, H3F3A, TP53	No R132 or R172	None	p.V600E	neutral	neutral	neutral	neutral	neutral	neutral	neutral	neutral	neutral	NA	NA	NA	NA	NA	NA	NA	NA	NA	NA	NA	NA	NA	NA	Solid Tissue
PT_HGM20MW7	A09446	Midline	9	BS_52ETE050	BS_5VPM0F36	NA	Yes	No	No	No	No	No	BRAF, H3F3A, TP53	No R132 or R172	None	p.V600E	neutral	neutral	neutral	NA	NA	NA	NA	NA	NA	NA	NA	-0.7887497083673238	0.6420351507315032	1.1707906964986754	None	None	None	None	None	None	0	NA	NA	Solid Tissue
PT_HMF8J4EG	7316-644	Midline	7	BS_GKPVZXYP	BS_51RA1PGE	BS_1PTQFNW5	Yes	No	No	No	No	No	H3F3A, TP53	No R132 or R172	None	No V600E	neutral	neutral	neutral	neutral	neutral	neutral	neutral	neutral	neutral	NA	NA	-0.8023870859893512	-0.2888570682931109	-0.7479690104584976	None	None	None	None	None	None	0	NA	NA	Solid Tissue
PT_HNZNZ635	7316-2151	Midline	5	BS_SKRY0BJ4	BS_49BQS7Z6	BS_98S645ES	No	No	No	No	No	No	None	No R132 or R172	None	No V600E	neutral	neutral	neutral	neutral	neutral	neutral	neutral	neutral	neutral	NA	NA	-0.8023870859893512	-0.32892691823535125	-0.36681323571074914	None	None	None	None	None	None	0	NA	NA	Solid Tissue
PT_HNZNZ635	7316-2151	Midline	5	BS_TX8C5VAJ	BS_GXTFW99H	BS_98S645ES	No	No	No	No	No	No	None	No R132 or R172	None	No V600E	neutral	neutral	neutral	neutral	neutral	neutral	neutral	neutral	neutral	A	739823	-0.7887497083673238	-1.6897364197472864	-0.5398928329806698	None	None	None	None	None	None	0	NA	740006	Derived Cell Line
PT_HSHPZAEZ	7316-545	Midline	9	NA	BS_9CA93S6D	BS_9THYN9W6	NA	NA	NA	NA	NA	NA	NA	NA	NA	NA	NA	NA	NA	NA	NA	NA	NA	NA	NA	NA	NA	-0.7955349716977113	-0.1795957881132135	-1.0432040864969023	None	None	None	None	None	None	0	NA	NA	Solid Tissue
PT_HV1DFFQ1	7316-9139	Midline		BS_DD69EB5S	BS_B57327NA	NA	Yes	No	No	No	No	No	H3F3A, TP53	No R132 or R172	None	No V600E	loss	neutral, gain	neutral, gain	NA	NA	NA	NA	NA	NA	NA	NA	-0.5273128965899773	0.34829502121694284	-0.12579148377196986	None	None	None	None	None	None	0	NA	NA	Solid Tissue
PT_J5NSRW1Y	7316-3817	Hemispheric	12	BS_F8K4VQMF	BS_GG9W3J9Y	BS_83XZJWG0	No	No	No	No	No	No	None	No R132 or R172	5'Flank	No V600E	neutral	neutral	neutral	neutral	neutral	gain	gain	neutral	neutral	NA	NA	1.5538487403003265	-1.649826469482096	-0.014020225786948136	None	None	None	None	None	None	0	NA	NA	Solid Tissue
PT_JC4DHFJR	7316-2536	Mixed	12	NA	BS_QB84TBA3	BS_75H9VE5T	NA	NA	NA	NA	NA	NA	NA	NA	NA	NA	NA	NA	NA	NA	NA	NA	NA	NA	NA	NA	NA	-0.8023870859893512	0.27626203411037253	0.03009363148611461	None	None	None	None	None	None	0	NA	NA	Solid Tissue
PT_JJ8QNAM8	7316-714	Hemispheric	11	NA	BS_DFGS950G	BS_AW4FGY4C	NA	NA	NA	NA	NA	NA	NA	NA	NA	NA	NA	NA	NA	NA	NA	NA	NA	NA	NA	NA	NA	-0.30330898435248904	0.6690830647044999	-0.671279170989642	None	None	None	None	None	None	0	NA	NA	Solid Tissue
PT_JJZ5PN64	7316-8964	Hemispheric		BS_5YTKXXBY	BS_JQXHHK0K	NA	No	No	No	No	No	No	FGFR1, TP53	No R132 or R172	None	No V600E	neutral	neutral, gain	neutral, gain	NA	NA	NA	NA	NA	NA	NA	NA	0.7226802077226967	-1.0047813907889795	-0.33893006604000253	None	None	None	None	None	None	0	NA	NA	Solid Tissue
PT_JNEV57VK	7316-2594	Midline	7	BS_85Q5P8GF	BS_VF5XWFXD	BS_8SWRSV8D	Yes	No	No	No	No	No	ATRX, H3F3A	No R132 or R172	None	No V600E	neutral	neutral	neutral	neutral	neutral	neutral	neutral	neutral	neutral	NA	NA	-0.8093073816422394	0.6145338299064688	0.10719956751674518	None	None	None	None	None	None	0	NA	NA	Solid Tissue
PT_JNEV57VK	7316-3058	Midline	7	BS_HM5GFJN8	BS_2A162JH9	BS_897FT64P	Yes	No	No	No	No	No	ATRX, H3F3A, SETD2, TP53	No R132 or R172	None	No V600E	neutral	neutral	loss	neutral	neutral	neutral	neutral	loss	loss	S	739830	-0.8023870859893512	0.31524465019952536	-0.29680711967279916	None	None	None	None	None	None	0	NA	739933	Derived Cell Line
PT_JNEV57VK	7316-3058	Midline	7	BS_P0QJ1QAH	BS_D29RPBSZ	BS_897FT64P	Yes	No	No	No	No	No	ATRX, H3F3A, TP53	No R132 or R172	None	No V600E	neutral	neutral	neutral	neutral	neutral	neutral	neutral	neutral	neutral	NA	NA	-0.8093073816422394	0.029589132254350843	-0.20892642752001056	None	None	None	None	None	None	0	NA	NA	Solid Tissue
PT_JNEV57VK	7316-3058	Midline	7	BS_QWM9BPDY	BS_BWBDH9GM	BS_897FT64P	Yes	No	No	No	No	No	ATRX, H3F3A	No R132 or R172	None	No V600E	neutral	neutral	neutral	neutral	neutral	neutral	neutral	neutral	neutral	A	739831	-0.8093073816422394	0.2693871160096815	-0.4536264668026987	None	None	None	None	None	None	0	NA	739934	Derived Cell Line
PT_JSFBMK5V	7316-1769	Midline	15	BS_KY1CTGJ3	BS_1A6MQ9ZA	BS_9FKT8K0G	Yes	No	No	No	No	No	H3F3A	No R132 or R172	None	No V600E	neutral	neutral	neutral	neutral	neutral	neutral	neutral	neutral	neutral	NA	NA	-0.7820300041617297	0.13034092392234722	-0.6101652241950775	None	None	None	None	None	None	0	NA	NA	Solid Tissue
PT_JSFBMK5V	7316-1769	Midline	15	BS_RXP2ZRQT	BS_40MP5BWR	BS_9FKT8K0G	Yes	No	No	No	No	No	H3F3A	No R132 or R172	None	No V600E	neutral	neutral	neutral	neutral	neutral	gain	gain	neutral	neutral	S	739826	-0.7955349716977113	0.7524950996597471	0.31117442615874796	None	None	None	None	None	None	0	NA	740009	Derived Cell Line
PT_JSFBMK5V	7316-392	Midline	15	BS_H0638GZT	BS_T3DGY9J9	BS_N07YNNW7	Yes	No	No	No	No	No	H3F3A	No R132 or R172	None	No V600E	neutral	neutral	neutral	neutral	neutral	neutral	neutral	neutral	neutral	NA	NA	-0.6941947420738883	1.3002719889485668	1.5695691134295788	None	None	None	None	None	None	0	NA	NA	Solid Tissue
PT_JT9HH7M6	7316-1455	Hemispheric	1	NA	BS_HE0WJRW6	BS_F0FV7NE3	NA	NA	NA	NA	NA	NA	NA	NA	NA	NA	NA	NA	NA	NA	NA	NA	NA	NA	NA	NA	NA	1.922344668093328	-1.7001675990731049	0.6418864887782021	None	None	None	None	None	None	0	NA	NA	Solid Tissue
PT_JT9HH7M6	7316-1455	Hemispheric	1	NA	BS_HWGWYCY7	BS_F0FV7NE3	NA	NA	NA	NA	NA	NA	NA	NA	NA	NA	NA	NA	NA	NA	NA	NA	NA	NA	NA	NA	NA	1.4595827744096466	-1.7161822728253122	0.4223472815630382	None	None	None	None	None	None	0	NA	NA	Solid Tissue
PT_KAQMYFYB	7316-5001	Midline	6	BS_QFH9XM6Q	NA	NA	Yes	No	No	No	No	No	H3F3A, TP53	No R132 or R172	None	No V600E	neutral	neutral	loss	neutral	neutral	neutral	neutral	loss	loss	NA	NA	NA	NA	NA	NA	NA	NA	NA	NA	NA	NA	NA	NA	Solid Tissue
PT_KAQMYFYB	A16405	Midline	6	BS_5CCAC8TZ	BS_EZ3147MX	NA	Yes	No	No	No	No	No	H3F3A, TP53	No R132 or R172	None	No V600E	neutral	neutral	neutral	NA	NA	NA	NA	NA	NA	NA	NA	-0.7753746043318327	1.7604091466805967	2.1368799596013894	None	None	None	None	None	None	0	NA	NA	Solid Tissue
PT_KBDP8ZCR	7316-1889	Other	16	NA	BS_M1PVEHCM	BS_CRWYJ73G	NA	NA	NA	NA	NA	NA	NA	NA	NA	NA	NA	NA	NA	NA	NA	NA	NA	NA	NA	NA	NA	1.0105416380460588	-0.4829567489951603	-1.0352870030331998	None	None	None	None	None	None	0	NA	NA	Solid Tissue
PT_KBFM551M	7316-3214-A07082	Midline	9	BS_M5FM63EB	NA	NA	No	No	No	No	No	No	TP53	No R132 or R172	None	No V600E	neutral	neutral	neutral	neutral	neutral	neutral	neutral	neutral	neutral	NA	NA	NA	NA	NA	NA	NA	NA	NA	NA	NA	NA	NA	NA	Solid Tissue
PT_KBFM551M	7316-3214-A07083	Midline	9	BS_M0B42FPR	BS_F0JB4EAK	NA	No	No	No	No	No	No	TP53	No R132 or R172	None	No V600E	neutral	neutral	neutral	neutral	neutral	neutral	neutral	neutral	neutral	NA	NA	-0.8093073816422394	0.8844646263814093	0.8526471973431026	None	None	None	None	None	None	0	NA	NA	Solid Tissue
PT_KBFM551M	7316-3232	Midline	9	BS_9P4NDTKJ	NA	NA	No	No	No	No	No	No	TP53	No R132 or R172	None	No V600E	NA	NA	NA	NA	NA	NA	NA	NA	NA	NA	NA	NA	NA	NA	NA	NA	NA	NA	NA	NA	NA	NA	NA	Solid Tissue
PT_KBFM551M	7316-3237	Midline	9	BS_J8EK6RNF	NA	NA	No	No	No	No	No	No	TP53	No R132 or R172	None	No V600E	neutral	neutral	neutral	neutral	neutral	neutral	neutral	neutral	neutral	NA	NA	NA	NA	NA	NA	NA	NA	NA	NA	NA	NA	NA	NA	Solid Tissue
PT_KBFM551M	7316-4447	Midline	9	BS_QZRP3NSG	NA	NA	No	No	No	No	No	No	TP53	No R132 or R172	None	No V600E	neutral	neutral	neutral	neutral	neutral	neutral	neutral	neutral	neutral	NA	NA	NA	NA	NA	NA	NA	NA	NA	NA	NA	NA	NA	NA	Derived Cell Line
PT_KBFM551M	A07082	Midline	9	BS_WYTDVC0Y	NA	NA	No	No	No	No	No	No	TP53	No R132 or R172	None	No V600E	loss	loss	loss	NA	NA	NA	NA	NA	NA	NA	NA	NA	NA	NA	NA	NA	NA	NA	NA	NA	NA	NA	NA	Solid Tissue
PT_KEQ53KRH	7316-440	Midline	9	BS_R1G6SG0K	BS_K17VQECG	BS_SAMTKYB0	No	No	No	No	No	No	TP53	No R132 or R172	None	No V600E	neutral	neutral	neutral	neutral	neutral	neutral	neutral	neutral	neutral	NA	NA	-0.7687822898096894	-0.4522529936274859	-0.6496123102280819	None	None	None	None	None	None	0	NA	NA	Solid Tissue
PT_KFYJBQB8	7316-3075	Hemispheric	0	BS_NJFK43N3	BS_52C576HH	BS_GJCT6WCH	No	No	No	No	No	No	None	No R132 or R172	None	No V600E	neutral	neutral	neutral	neutral	neutral	neutral	neutral	neutral	neutral	NA	NA	1.7329109586755316	-0.7584960929271685	0.09018426354312563	None	None	ZCCHC8--ROS1	None	None	ZCCHC8--ROS1	1	NA	NA	Solid Tissue
PT_KTRJ8TFY	7316-3223	Midline	5	BS_3VKW5988	NA	NA	Yes	No	No	No	No	No	H3F3A, TP53	No R132 or R172	None	No V600E	neutral	gain	neutral	neutral	neutral	neutral	neutral	neutral	neutral	NA	NA	NA	NA	NA	NA	NA	NA	NA	NA	NA	NA	NA	NA	Solid Tissue
PT_KTRJ8TFY	7316-3223	Midline	5	BS_BQ81D2BP	NA	NA	Yes	No	No	No	No	No	H3F3A, TP53	No R132 or R172	None	No V600E	neutral	gain	neutral	neutral	neutral	neutral	neutral	neutral	neutral	NA	NA	NA	NA	NA	NA	NA	NA	NA	NA	NA	NA	NA	NA	Solid Tissue
PT_KTRJ8TFY	7316-3230	Midline, Mixed	5	BS_5968GBGT	NA	NA	Yes	No	No	No	No	No	H3F3A, TP53	No R132 or R172	None	No V600E	NA	NA	NA	NA	NA	NA	NA	NA	NA	NA	NA	NA	NA	NA	NA	NA	NA	NA	NA	NA	NA	NA	NA	Solid Tissue
PT_KTRJ8TFY	7316-3230	Midline, Mixed	5	BS_AF5D41PD	NA	NA	Yes	No	No	No	No	No	H3F3A, TP53	No R132 or R172	None	No V600E	neutral	neutral	neutral	neutral	neutral	neutral	neutral	neutral	neutral	NA	NA	NA	NA	NA	NA	NA	NA	NA	NA	NA	NA	NA	NA	Solid Tissue
PT_KTRJ8TFY	7316-3230	Midline, Mixed	5	BS_EE73VE7V	NA	NA	Yes	No	No	No	No	No	H3F3A, TP53	No R132 or R172	None	No V600E	neutral	neutral	neutral	neutral	neutral	neutral	neutral	neutral	neutral	NA	NA	NA	NA	NA	NA	NA	NA	NA	NA	NA	NA	NA	NA	Solid Tissue
PT_KTRJ8TFY	7316-3230	Midline, Mixed	5	BS_HYKV2TH9	NA	NA	Yes	No	No	No	No	No	H3F3A, TP53	No R132 or R172	None	No V600E	neutral	neutral	neutral	neutral	neutral	neutral	neutral	neutral	neutral	NA	NA	NA	NA	NA	NA	NA	NA	NA	NA	NA	NA	NA	NA	Solid Tissue
PT_KTRJ8TFY	A09689	Midline	5	BS_402W79TS	BS_NGSG2KB6	NA	Yes	No	No	No	No	No	H3F3A, TP53	No R132 or R172	None	No V600E	neutral	gain, neutral	gain, neutral	NA	NA	NA	NA	NA	NA	NA	NA	-0.46102619389547744	0.93872298139973	0.912863704200295	None	CAPZA2--MET	None	None	None	CAPZA2--MET	1	NA	NA	Solid Tissue
PT_KVMF5TFW	7316-3030	Midline	7	BS_8FSJDG2T	BS_399RPKC9	BS_S475E17R	No	No	No	No	No	No	TP53	No R132 or R172	None	No V600E	gain	neutral	neutral	neutral	neutral	neutral	neutral	neutral	neutral	NA	NA	-0.8023870859893512	0.05799472454759187	-0.565870626344362	None	None	None	None	None	None	0	NA	NA	Solid Tissue
PT_KX1QQQRC	7316-8939	Hemispheric		BS_YGDHJ68W	BS_H9JYKFTV	NA	No	No	No	No	No	No	BRAF	No R132 or R172	None	p.V600E	loss	loss, neutral	loss, neutral	NA	NA	NA	NA	NA	NA	NA	NA	1.0505201504152646	-0.45049751104952607	-0.1814688915699625	None	None	None	None	None	None	0	NA	NA	Solid Tissue
PT_KX84KH6K	7316-2703	Midline	13	NA	BS_52MPKTJH	BS_0NHZ9HY6	NA	NA	NA	NA	NA	NA	NA	NA	NA	NA	NA	NA	NA	NA	NA	NA	NA	NA	NA	NA	NA	-0.36657839825867666	-0.2871011338527654	-0.206619506726568	None	None	None	None	None	None	0	NA	NA	Solid Tissue
PT_KZ04SDDS	7316-1774	Hemispheric	6	BS_79NQJZ09	BS_JS95PE0J	BS_W57KS1XE	No	No	No	No	No	No	SETD2, TP53	No R132 or R172	None	No V600E	neutral	neutral	neutral	neutral	neutral	neutral	neutral	neutral	neutral	NA	NA	1.033526677351973	-0.5827811407546424	-0.10839164506252337	None	None	None	None	None	None	0	NA	NA	Solid Tissue
PT_KZ56XHJT	7316-3217	Midline	7	BS_0ATJ22QA	NA	NA	Yes	No	No	No	No	No	H3F3A	No R132 or R172	None	No V600E	neutral	neutral	neutral	gain	neutral	neutral	neutral	neutral	neutral	NA	NA	NA	NA	NA	NA	NA	NA	NA	NA	NA	NA	NA	NA	Solid Tissue
PT_KZ56XHJT	7316-3217	Midline	7	BS_H8NWA41N	NA	NA	Yes	No	No	No	No	No	ATRX, H3F3A	No R132 or R172	None	No V600E	neutral	neutral	neutral	neutral	neutral	neutral	neutral	neutral	neutral	NA	NA	NA	NA	NA	NA	NA	NA	NA	NA	NA	NA	NA	NA	Solid Tissue
PT_KZ56XHJT	7316-3231	Midline	7	BS_1Q524P3B	NA	NA	Yes	No	No	No	No	No	H3F3A	No R132 or R172	None	No V600E	neutral	neutral	neutral	neutral	neutral	neutral	neutral	neutral	neutral	NA	NA	NA	NA	NA	NA	NA	NA	NA	NA	NA	NA	NA	NA	Solid Tissue
PT_KZ56XHJT	7316-3231	Midline	7	BS_22VCR7DF	NA	NA	Yes	No	No	No	No	No	H3F3A	No R132 or R172	None	No V600E	neutral	neutral	neutral	neutral	neutral	neutral	neutral	neutral	neutral	NA	NA	NA	NA	NA	NA	NA	NA	NA	NA	NA	NA	NA	NA	Solid Tissue
PT_KZ56XHJT	7316-3231	Midline	7	BS_AK9BV52G	NA	NA	Yes	No	No	No	No	No	H3F3A	No R132 or R172	None	No V600E	neutral	neutral	neutral	neutral	neutral	neutral	neutral	neutral	neutral	NA	NA	NA	NA	NA	NA	NA	NA	NA	NA	NA	NA	NA	NA	Solid Tissue
PT_KZ56XHJT	7316-3231	Midline	7	BS_D6STCMQS	NA	NA	Yes	No	No	No	No	No	H3F3A	No R132 or R172	None	No V600E	neutral	neutral	neutral	neutral	neutral	neutral	neutral	neutral	neutral	NA	NA	NA	NA	NA	NA	NA	NA	NA	NA	NA	NA	NA	NA	Solid Tissue
PT_KZ56XHJT	7316-3231	Midline	7	BS_X5VN0FW0	NA	NA	Yes	No	No	No	No	No	H3F3A	No R132 or R172	None	No V600E	neutral	neutral	neutral	neutral	neutral	neutral	neutral	neutral	neutral	NA	NA	NA	NA	NA	NA	NA	NA	NA	NA	NA	NA	NA	NA	Solid Tissue
PT_KZ56XHJT	7316-3231	Midline	7	BS_YHXMYDBN	NA	NA	Yes	No	No	No	No	No	H3F3A	No R132 or R172	None	No V600E	neutral	neutral	neutral	neutral	neutral	neutral	neutral	neutral	neutral	NA	NA	NA	NA	NA	NA	NA	NA	NA	NA	NA	NA	NA	NA	Solid Tissue
PT_KZ56XHJT	7316-3234	Midline	7	BS_DVDT4VXQ	NA	NA	Yes	No	No	No	No	No	H3F3A	No R132 or R172	None	No V600E	neutral	neutral	neutral	neutral	neutral	neutral	neutral	neutral	neutral	NA	NA	NA	NA	NA	NA	NA	NA	NA	NA	NA	NA	NA	NA	Derived Cell Line
PT_KZ56XHJT	A08732	Midline	7	BS_FWP8ZA4K	BS_FCDAH728	NA	Yes	No	No	No	No	No	H3F3A, TP53	No R132 or R172	None	No V600E	loss	loss	loss	NA	NA	NA	NA	NA	NA	NA	NA	-0.8023870859893512	1.3668326167042182	2.081549360211454	None	None	None	None	None	None	0	NA	NA	Solid Tissue
PT_KZ56XHJT	A12398	Midline	7	BS_9DN4QR6E	BS_21ET39G7	NA	Yes	No	No	No	No	No	H3F3A, TP53	No R132 or R172	None	No V600E	neutral	neutral	neutral	NA	NA	NA	NA	NA	NA	NA	NA	-0.8093073816422394	0.9226691680335389	1.392466082995498	None	None	None	None	None	None	0	NA	NA	Solid Tissue
PT_M1BBF6RA	7316-9799			BS_ZV7AC5R8	BS_FGJH1X0S	NA	No	No	No	No	No	Yes	ATRX, H3F3A, TP53	No R132 or R172	None	No V600E	neutral	gain	gain	NA	NA	NA	NA	NA	NA	NA	NA	1.7522385895290409	-1.7107937649633744	-0.07417091805317383	None	None	None	None	None	None	0	NA	NA	Solid Tissue
PT_M23Q0DC3	7316-3212	Midline	4	BS_CGXTFM67	NA	NA	Yes	No	No	No	No	No	H3F3A	No R132 or R172	None	No V600E	neutral	neutral	neutral	neutral	neutral	neutral	neutral	neutral	neutral	NA	NA	NA	NA	NA	NA	NA	NA	NA	NA	NA	NA	NA	NA	Solid Tissue
PT_M23Q0DC3	A03942	Midline	4	BS_GBT44HST	BS_JQVAWTTM	NA	Yes	No	No	No	No	No	H3F3A	No R132 or R172	None	No V600E	neutral	gain	gain	NA	NA	NA	NA	NA	NA	NA	NA	-0.8093073816422394	0.6878471231951238	0.4146671193001436	None	None	None	None	None	None	0	NA	NA	Solid Tissue
PT_M8MDJNZB	7316-8965	Hemispheric		BS_5XC635HW	BS_TVH33J9Q	NA	No	No	No	No	No	No	CIC, DAXX, IDH1, SETD2, TP53	No R132 or R172	None	No V600E	neutral	neutral	neutral	NA	NA	NA	NA	NA	NA	NA	NA	0.9405875146525972	0.9720727955700119	0.024152006076043772	None	None	None	None	None	None	0	NA	NA	Solid Tissue
PT_M9XXJ4GR	7316-3222	Midline	10	BS_682Z7WH6	NA	NA	Yes	No	No	No	No	No	ATRX, H3F3A, TP53	No R132 or R172	None	No V600E	neutral	amplification	loss	neutral	neutral	neutral	neutral	neutral	neutral	NA	NA	NA	NA	NA	NA	NA	NA	NA	NA	NA	NA	NA	NA	Solid Tissue
PT_M9XXJ4GR	7316-3222	Midline	10	BS_R6CKWZW6	NA	NA	Yes	No	No	No	No	No	ATRX, H3F3A, TP53	No R132 or R172	None	No V600E	neutral	gain	loss	neutral	neutral	neutral	neutral	neutral	neutral	NA	NA	NA	NA	NA	NA	NA	NA	NA	NA	NA	NA	NA	NA	Solid Tissue
PT_M9XXJ4GR	A09576	Midline	10	BS_5FBN4PPQ	BS_49CJNZ06	NA	Yes	No	No	No	No	No	ATRX, H3F3A, TP53	No R132 or R172	None	No V600E	loss	amplification	amplification	NA	NA	NA	NA	NA	NA	NA	NA	-0.8023870859893512	0.1610440288287378	0.7043749683586686	None	None	None	None	None	None	0	NA	NA	Solid Tissue
PT_MDWPRDBT	7316-2146	Midline	2	BS_D368BNRD	BS_H0QWRJE2	BS_6ZSPAKYX	No	No	No	No	No	No	None	No R132 or R172	None	No V600E	neutral	neutral	neutral	neutral	neutral	neutral	neutral	neutral	neutral	NA	NA	-0.8093073816422394	-1.6949280843513421	-1.3160383786562042	None	None	None	None	None	None	0	NA	NA	Solid Tissue
PT_MDWPRDBT	7316-2660	Mixed	2	BS_00TRPEQX	BS_91VYM11A	BS_PNRVT0G5	No	No	No	No	No	No	SETD2	No R132 or R172	None	No V600E	neutral	neutral	neutral	neutral	neutral	neutral	neutral	neutral	neutral	NA	NA	-0.7887497083673238	-1.3730826779951626	-0.849535662896488	None	None	None	None	None	None	0	NA	NA	Solid Tissue
PT_MDWPRDBT	7316-2751	Hemispheric	2	BS_1M63B97V	BS_TK84K675	BS_MZN7GK89	No	No	No	No	No	No	None	No R132 or R172	None	No V600E	neutral	neutral	neutral	neutral	neutral	neutral	neutral	neutral	neutral	NA	NA	-0.8093073816422394	-1.0880415004563586	-1.2420364235158048	None	None	None	None	None	None	0	NA	NA	Solid Tissue
PT_MDWPRDBT	7316-895	Mixed	2	BS_BQWMQM2Y	BS_TJTEF70D	BS_WKCWT9J1	No	No	No	No	No	No	None	No R132 or R172	None	No V600E	neutral	neutral	neutral	neutral	neutral	neutral	neutral	neutral	neutral	NA	NA	-0.6109699973524981	-1.5691187435760565	-1.2647823221926595	None	None	None	None	None	None	0	NA	NA	Solid Tissue
PT_MNSEJCDM	7316-3227	Midline	6	BS_CBMAWSAR	NA	NA	No	No	Yes	No	No	No	HIST1H3C, TP53	No R132 or R172	None	No V600E	gain	neutral	neutral	gain	neutral	gain	gain	neutral	neutral	NA	NA	NA	NA	NA	NA	NA	NA	NA	NA	NA	NA	NA	NA	Solid Tissue
PT_MNSEJCDM	7316-3227	Midline	6	BS_ZSH09N84	NA	NA	No	No	Yes	No	No	No	HIST1H3C, TP53	No R132 or R172	None	No V600E	gain	neutral	neutral	gain	neutral	neutral	neutral	neutral	neutral	NA	NA	NA	NA	NA	NA	NA	NA	NA	NA	NA	NA	NA	NA	Solid Tissue
PT_MNSEJCDM	7316-3229	Midline	6	BS_J8EH1N7V	NA	NA	No	No	Yes	No	No	No	HIST1H3C, TP53	No R132 or R172	None	No V600E	NA	NA	NA	NA	NA	NA	NA	NA	NA	NA	NA	NA	NA	NA	NA	NA	NA	NA	NA	NA	NA	NA	NA	Solid Tissue
PT_MNSEJCDM	7316-3229	Midline	6	BS_Y74XAFJX	NA	NA	No	No	Yes	No	No	No	HIST1H3C, TP53	No R132 or R172	None	No V600E	neutral	neutral	neutral	neutral	neutral	neutral	neutral	neutral	neutral	NA	NA	NA	NA	NA	NA	NA	NA	NA	NA	NA	NA	NA	NA	Solid Tissue
PT_MP85FHCR	7316-9850			BS_ST7KGV85	BS_A6NXR7RC	NA	No	No	No	No	No	No	ATRX	No R132 or R172	None	No V600E	loss	loss	loss	NA	NA	NA	NA	NA	NA	NA	NA	-0.7121051904256452	-0.30130286095717373	-0.040694179144595874	None	None	None	None	None	None	0	NA	NA	Solid Tissue
PT_MSQ6GSVP	7316-2274	Mixed	0	BS_HJ95JNFN	BS_KP735TJ6	BS_5TN2QNQK	No	No	No	No	No	No	None	No R132 or R172	None	No V600E	neutral	neutral	neutral	neutral	neutral	neutral	neutral	neutral	neutral	NA	NA	1.0201277132902393	-1.3442194577461961	-0.6650574682160282	None	None	None	None	None	None	0	NA	NA	Solid Tissue
PT_MV5WXTQV	7316-8036	Hemispheric	6	BS_DD2N8CEX	BS_YA0KMBRT	NA	No	No	No	No	No	No	None	No R132 or R172	None	No V600E	loss	loss	loss	NA	NA	NA	NA	NA	NA	NA	NA	0.7288011182969129	0.05175023151127495	-0.19971940851204656	None	None	None	None	None	None	0	NA	NA	Solid Tissue
PT_MXK5R7RJ	7316-1055	Hemispheric	9	NA	BS_H1ZS5FMZ	BS_3YAHMPSG	NA	NA	NA	NA	NA	NA	NA	NA	NA	NA	NA	NA	NA	NA	NA	NA	NA	NA	NA	NA	NA	1.020628602022625	0.4788630654881697	-0.25105314004139123	None	None	None	None	None	None	0	NA	NA	Solid Tissue
PT_N3205P0D	7316-1099	Hemispheric	18	BS_EPM623G4	BS_052PZFMK	BS_R9B71R7T	No	No	No	No	Yes	No	H3F3A, TP53	No R132 or R172	None	No V600E	neutral	neutral	loss	neutral	neutral	gain	gain	neutral	neutral	NA	NA	1.31108346158145	-1.7001675990731049	0.14251495660391114	None	None	None	None	None	None	0	NA	NA	Solid Tissue
PT_N32BYY8A	7316-89	Hemispheric	4	BS_D6XHKZDZ	BS_XQ5SFW35	BS_RFJN5JSA	No	No	No	No	No	No	None	No R132 or R172	None	No V600E	neutral	neutral	neutral	neutral	neutral	neutral	neutral	neutral	neutral	NA	NA	0.5519452555697365	0.7794431338034323	-0.022178493037323527	None	None	None	None	None	None	0	NA	NA	Solid Tissue
PT_NK8A49X5	7316-3216	Midline	13	BS_1MME7FBS	NA	NA	Yes	No	No	No	No	No	ATRX, H3F3A	No R132 or R172	None	No V600E	neutral	neutral	neutral	neutral	neutral	neutral	neutral	neutral	neutral	NA	NA	NA	NA	NA	NA	NA	NA	NA	NA	NA	NA	NA	NA	Solid Tissue
PT_NK8A49X5	7316-3228	Midline	13	BS_AHAXPFG3	NA	NA	Yes	No	No	No	No	No	ATRX, H3F3A	No R132 or R172	None	No V600E	neutral	neutral	neutral	neutral	neutral	neutral	neutral	neutral	neutral	NA	NA	NA	NA	NA	NA	NA	NA	NA	NA	NA	NA	NA	NA	Solid Tissue
PT_NK8A49X5	7316-3228	Midline	13	BS_HEJ72V3F	NA	NA	Yes	No	No	No	No	No	ATRX, H3F3A	No R132 or R172	None	No V600E	neutral	neutral	neutral	neutral	neutral	neutral	neutral	neutral	neutral	NA	NA	NA	NA	NA	NA	NA	NA	NA	NA	NA	NA	NA	NA	Solid Tissue
PT_NK8A49X5	7316-4448	Midline	13	BS_6JBE0947	NA	NA	Yes	No	No	No	No	No	ATRX, H3F3A	No R132 or R172	None	No V600E	neutral	neutral	neutral	neutral	neutral	neutral	neutral	neutral	neutral	NA	NA	NA	NA	NA	NA	NA	NA	NA	NA	NA	NA	NA	NA	Derived Cell Line
PT_NK8A49X5	A08692	Midline	13	BS_6DT506HY	BS_YDEVMD24	NA	Yes	No	No	No	No	No	ATRX, H3F3A	No R132 or R172	None	No V600E	loss	loss	loss	NA	NA	NA	NA	NA	NA	NA	NA	-0.7493721749166263	1.4552900842802485	1.414343047760676	None	None	None	None	None	None	0	NA	NA	Solid Tissue
PT_NK8A49X5	A14449	Midline	13	BS_GKXD33YH	BS_1N7MQZGR	NA	Yes	No	No	No	No	No	ATRX, H3F3A	No R132 or R172	None	No V600E	neutral	neutral	neutral	NA	NA	NA	NA	NA	NA	NA	NA	0.5929520743402191	1.3741676808582297	1.5490665083312811	None	None	None	None	None	None	0	NA	NA	Solid Tissue
PT_NWYSD53S	7316-4997	Midline	4	BS_4PM2QG9C	NA	NA	Yes	No	No	No	No	No	H3F3A	No R132 or R172	None	No V600E	neutral	neutral	neutral	neutral	neutral	neutral	neutral	neutral	neutral	NA	NA	NA	NA	NA	NA	NA	NA	NA	NA	NA	NA	NA	NA	Solid Tissue
PT_NWYSD53S	A15170	Midline	4	BS_2KMB51YF	BS_ZF6BSFNF	NA	Yes	No	No	No	No	No	H3F3A	No R132 or R172	None	No V600E	loss	loss	loss	NA	NA	NA	NA	NA	NA	NA	NA	-0.8093073816422394	1.3972091808936447	1.1857956321963181	None	None	None	None	None	None	0	NA	NA	Solid Tissue
PT_P2NGYMG5	7316-1956	Posterior fossa	12	BS_230S192D	BS_GW0GKWMS	BS_EDK7V3CK	Yes	No	No	No	No	No	ATRX, H3F3A	No R132 or R172	None	No V600E	neutral	neutral	loss	gain	neutral	neutral	neutral	neutral	neutral	NA	NA	-0.8093073816422394	0.5618213658244336	0.055579001797949154	None	None	None	None	None	None	0	NA	NA	Solid Tissue
PT_P5HHJJPH	7316-870	Hemispheric	9	BS_KXGJ1HMG	BS_4PPHAQXF	BS_3MYH1TKQ	No	No	No	No	No	No	BRAF	No R132 or R172	None	p.V600E	neutral	neutral	loss	neutral	neutral	gain	gain	loss	loss	NA	NA	1.8452386782743027	0.8540259188030181	1.8806903352171578	None	None	None	None	None	None	0	NA	NA	Solid Tissue
PT_PF9EC93Q	7316-3765	Hemispheric	6	BS_80078QDG	BS_V3Z3DB4N	BS_884GB32R	No	No	No	No	No	No	None	No R132 or R172	None	No V600E	gain	neutral	neutral	gain	neutral	gain	gain	gain	gain	NA	NA	1.0736343257244794	0.29167076934586905	-0.29192638867194054	None	None	None	None	None	None	0	NA	NA	Solid Tissue
PT_PR4YBBH3	7316-116	Midline	10	BS_PPY0EWPG	BS_RXN5T5YT	BS_1CYD2ESS	Yes	No	No	No	No	No	H3F3A, TP53	No R132 or R172	None	No V600E	neutral	gain	loss	gain	neutral	loss	loss	neutral	neutral	NA	NA	-0.8093073816422394	-0.014784997721726907	-0.4864490808604365	None	None	None	None	None	None	0	NA	NA	Solid Tissue
PT_PR4YBBH3	7316-126	Mixed	10	BS_C2NH5FDT	BS_A7Q8G0Y1	BS_NW4MHHTV	Yes	No	No	No	No	No	H3F3A, TP53	No R132 or R172	None	No V600E	neutral	gain	loss	gain	neutral	neutral	loss	neutral	neutral	NA	NA	-0.7955349716977113	0.37653629170645825	0.38826427498366667	None	None	None	None	None	None	0	NA	NA	Solid Tissue
PT_PSX2CSYX	7316-46	Mixed	5	BS_AFAHY6HP	NA	NA	No	Yes	No	No	No	No	HIST1H3B, TP53	No R132 or R172	None	No V600E	NA	NA	NA	NA	NA	NA	NA	NA	NA	NA	NA	NA	NA	NA	NA	NA	NA	NA	NA	NA	NA	NA	NA	Solid Tissue
PT_QA9WJ679	7316-3218	Midline	14	BS_7PF3C1P7	NA	NA	Yes	No	No	No	No	No	H3F3A, TP53	No R132 or R172	None	No V600E	neutral	neutral	neutral	neutral	neutral	neutral	neutral	neutral	neutral	NA	NA	NA	NA	NA	NA	NA	NA	NA	NA	NA	NA	NA	NA	Solid Tissue
PT_QA9WJ679	A08768	Midline	14	BS_AEEKJ1QK	BS_G3NN392N	NA	Yes	No	No	No	No	No	H3F3A, TP53	No R132 or R172	None	No V600E	neutral	neutral	neutral	NA	NA	NA	NA	NA	NA	NA	NA	-0.8093073816422394	-0.27797042148046475	-2.175406364290488	None	None	None	None	None	None	0	NA	NA	Solid Tissue
PT_QDGVJKE0	7316-2140	Hemispheric	19	BS_EP25TTAG	BS_A0DYVX9J	BS_2P2JFKJ7	No	No	No	No	No	No	ATRX, IDH1, TP53	p.R132L	None	No V600E	neutral	neutral	neutral	neutral	neutral	neutral	neutral	neutral	neutral	NA	NA	0.38135735867644094	0.31326625623381743	-2.9983106794942906	None	None	None	None	None	None	0	NA	NA	Solid Tissue
PT_QQZXYR4M	7316-1946	Hemispheric	26	BS_58X7SKJS	BS_8PNA0V6R	BS_6AS03QVQ	No	No	No	No	No	No	ATRX, IDH1, TP53	p.R132H	None	No V600E	neutral	neutral	neutral	neutral	neutral	neutral	neutral	neutral	neutral	NA	NA	0.2787359480649579	0.22718195743261882	-2.2344770886451117	None	None	None	None	None	None	0	NA	NA	Solid Tissue
PT_QTDY0Y9A	7316-3771	Mixed	11	BS_1S5V7WWC	BS_MDBT7S5Z	BS_RNWC00AB	Yes	No	No	No	No	No	H3F3A	No R132 or R172	None	No V600E	neutral	neutral	neutral	gain	neutral	neutral	neutral	neutral	neutral	NA	NA	-0.8023870859893512	0.5777430460139341	-0.5687842872734832	None	None	None	None	None	None	0	NA	NA	Solid Tissue
PT_R0R6VWX9	7316-9343			BS_GQFPB8F3	BS_S3MET0JZ	NA	Yes	No	No	No	No	No	H3F3A, TP53	No R132 or R172	None	No V600E	neutral	neutral, gain	neutral, gain	NA	NA	NA	NA	NA	NA	NA	NA	-0.8023870859893512	-0.9849928247499682	0.2524256914216346	None	None	None	None	None	None	0	NA	NA	Solid Tissue
PT_R4T1V1K4	7316-3206	Midline	9	BS_23ZE42Q3	BS_WH8G4VFB	BS_PM73CEV7	Yes	No	No	No	No	No	H3F3A, TP53	No R132 or R172	None	No V600E	neutral	neutral	neutral	neutral	neutral	neutral	neutral	neutral	neutral	NA	NA	-0.8093073816422394	-0.39700617006612415	-0.8921154082411196	None	None	None	None	None	None	0	NA	NA	Solid Tissue
PT_R5T773FS	7316-8029	Posterior fossa	7	BS_JC7E55BV	BS_2HNXVFAS	NA	Yes	No	No	No	No	No	H3F3A, TP53	No R132 or R172	None	No V600E	neutral	neutral	neutral	NA	NA	NA	NA	NA	NA	NA	NA	-0.7820300041617297	0.6320297239759307	0.901680871162734	None	PTPRZ1--MET	None	None	None	PTPRZ1--MET	1	NA	NA	Solid Tissue
PT_R5T773FS	7316-8029	Posterior fossa	7	BS_JC7E55BV	BS_2HNXVFAS	NA	Yes	No	No	No	No	No	H3F3A, TP53	No R132 or R172	None	No V600E	neutral	neutral	neutral	NA	NA	NA	NA	NA	NA	NA	NA	-0.7820300041617297	0.6320297239759307	0.901680871162734	None	PTPRZ1--MET	None	None	None	PTPRZ1--MET	1	NA	NA	Solid Tissue
PT_R5T773FS	7316-8029	Posterior fossa	7	BS_TN8CGS84	BS_2HNXVFAS	NA	Yes	No	No	No	No	No	H3F3A, TP53	No R132 or R172	None	No V600E	NA	NA	NA	NA	NA	NA	NA	NA	NA	NA	NA	-0.7820300041617297	0.6320297239759307	0.901680871162734	None	PTPRZ1--MET	None	None	None	PTPRZ1--MET	1	NA	NA	Solid Tissue
PT_RA6AGBA7	7316-461	Midline	8	BS_P4K6WK9Y	BS_TRKH2SPE	BS_P9JVPHRF	Yes	No	No	No	No	No	H3F3A, TP53	No R132 or R172	None	No V600E	neutral	gain	neutral	neutral	neutral	neutral	neutral	neutral	neutral	NA	NA	-0.8023870859893512	0.23370719828629402	-0.9359061129801137	None	None	None	None	None	None	0	NA	NA	Solid Tissue
PT_RDJ40M73	7316-2561	Hemispheric	15	BS_928HWFFM	BS_1EN5V3XW	BS_R7CV19F3	No	No	No	No	Yes	No	ATRX, FGFR1, H3F3A	No R132 or R172	None	No V600E	neutral	neutral	neutral	gain	neutral	neutral	neutral	neutral	neutral	NA	NA	1.874155801383723	-1.7054558541664055	0.37093563916613087	None	None	None	None	None	None	0	NA	NA	Solid Tissue
PT_RE6AXQM1	7316-5813	Midline	4	BS_2NDRETB2	NA	NA	Yes	No	No	No	No	No	H3F3A, TP53	No R132 or R172	None	No V600E	neutral	gain	neutral	neutral	neutral	neutral	neutral	neutral	neutral	NA	NA	NA	NA	NA	NA	NA	NA	NA	NA	NA	NA	NA	NA	Solid Tissue
PT_RE6AXQM1	A19015	Midline	4	BS_6687ZNGS	BS_6M2053M0	NA	Yes	No	No	No	No	No	H3F3A, TP53	No R132 or R172	None	No V600E	loss	neutral	neutral	NA	NA	NA	NA	NA	NA	NA	NA	-0.8023870859893512	1.3351704029063585	1.2208570839438293	None	None	None	None	None	None	0	NA	NA	Solid Tissue
PT_RPC00TAJ	7316-231	Midline	18	NA	BS_RCCN63K6	BS_2EJCW07F	NA	NA	NA	NA	NA	NA	NA	NA	NA	NA	NA	NA	NA	NA	NA	NA	NA	NA	NA	NA	NA	-0.8093073816422394	1.0088904349509904	-0.7414302773145603	None	None	None	None	None	None	0	NA	NA	Solid Tissue
PT_RPC00TAJ	7316-2970	Midline	18	NA	BS_MN5XVP5A	NA	NA	NA	NA	NA	NA	NA	NA	NA	NA	NA	NA	NA	NA	NA	NA	NA	NA	NA	NA	NA	NA	-0.7955349716977113	1.2321850736644553	-0.5717034717337384	None	None	None	None	None	None	0	NA	NA	Solid Tissue
PT_RSDTCFDA	7316-204	Hemispheric	13	BS_SK4H5MJQ	BS_NPA6CZQF	BS_1JXKQ1VD	No	No	No	No	No	No	None	No R132 or R172	5'Flank	No V600E	neutral	neutral	neutral	neutral	neutral	gain	gain	neutral	neutral	NA	NA	1.6734412898740452	0.29008504077770597	1.7277318007183913	None	None	None	None	None	None	0	NA	NA	Solid Tissue
PT_RYMG3M91	7316-5812	Midline	10	BS_RWJ0571Q	NA	NA	Yes	No	No	No	No	No	FUBP1, H3F3A, TP53	No R132 or R172	None	No V600E	neutral	gain	neutral	neutral	neutral	neutral	neutral	neutral	neutral	NA	NA	NA	NA	NA	NA	NA	NA	NA	NA	NA	NA	NA	NA	Solid Tissue
PT_RYMG3M91	A18777	Midline	10	BS_QZPGVNBB	BS_68KX6A42	NA	Yes	No	No	No	No	No	H3F3A, TP53	No R132 or R172	None	No V600E	gain	gain	gain	NA	NA	NA	NA	NA	NA	NA	NA	-0.8093073816422394	1.095374650622979	1.7850688453597343	None	MET--MET	None	None	None	MET--MET	1	NA	NA	Solid Tissue
PT_RYMG3M91	A18777	Midline	10	BS_QZPGVNBB	BS_D7XRFE0R	NA	Yes	No	No	No	No	No	H3F3A, TP53	No R132 or R172	None	No V600E	gain	gain	gain	NA	NA	NA	NA	NA	NA	NA	NA	-0.8093073816422394	1.0723846338596335	1.7589200940151377	None	MET--MET	None	None	None	MET--MET	1	NA	NA	Solid Tissue
PT_S0Q27J13	7316-2307	Hemispheric	17	BS_P3PF53V8	BS_Z8YZ6QGS	BS_RJMW12ZA	No	No	No	No	No	No	ATRX, SETD2, TP53	No R132 or R172	None	No V600E	neutral	neutral	loss	neutral	neutral	neutral	neutral	neutral	neutral	NA	NA	0.5636343370222792	0.8237931826433013	-0.32144555476760067	None	None	None	None	None	None	0	NA	NA	Solid Tissue
PT_S2BEPYQ0	7316-3000	Mixed	6	BS_ABZ3BK38	BS_JRYJGYC4	BS_Z0KPQPN2	No	No	No	No	No	No	None	No R132 or R172	None	No V600E	neutral	neutral	neutral	neutral	neutral	neutral	neutral	neutral	neutral	NA	NA	0.21317635884479577	-1.1044149519567215	-1.04717794506777	None	None	None	None	None	None	0	NA	NA	Solid Tissue
PT_S7JCQ3TH	7316-8828	Spine		BS_1B00Q25Y	BS_PJC6FH4Y	NA	Yes	No	No	No	No	No	H3F3A, TP53	No R132 or R172	None	No V600E	loss	loss, neutral	loss, neutral	NA	NA	NA	NA	NA	NA	NA	NA	-0.8093073816422394	-0.34325918968510205	-0.4975472863179468	None	None	None	None	None	None	0	NA	NA	Solid Tissue
PT_S7JCQ3TH	7316-8828	Spine		BS_1B00Q25Y	BS_PJC6FH4Y	NA	Yes	No	No	No	No	No	H3F3A, TP53	No R132 or R172	None	No V600E	loss	loss, neutral	loss, neutral	NA	NA	NA	NA	NA	NA	NA	NA	-0.8093073816422394	-0.34325918968510205	-0.4975472863179468	None	None	None	None	None	None	0	NA	NA	Solid Tissue
PT_SDPA6AAP	7316-624	Hemispheric	10	NA	BS_3AC3SRWH	BS_JJZKPXCK	NA	NA	NA	NA	NA	NA	NA	NA	NA	NA	NA	NA	NA	NA	NA	NA	NA	NA	NA	NA	NA	-0.3448427550780992	-0.5689416576231685	-1.14152701062612	None	None	None	None	None	None	0	NA	NA	Solid Tissue
PT_SGJK5KSB	7316-9140	Midline		BS_35DRDAFV	BS_SY3J3XR9	NA	No	No	No	No	No	No	TP53	No R132 or R172	None	No V600E	loss	loss, neutral	loss, neutral	NA	NA	NA	NA	NA	NA	NA	NA	-0.8093073816422394	0.16461940742607542	-0.1323674482494985	None	None	None	None	None	None	0	NA	NA	Solid Tissue
PT_SW4Q1HZP	7316-8716	Hemispheric		BS_K24D4BGK	BS_00FD2KMP	NA	No	No	No	No	No	No	TP53	No R132 or R172	None	No V600E	neutral	gain	gain	NA	NA	NA	NA	NA	NA	NA	NA	1.0865055134994224	-1.0880415004563586	-0.8046986735297651	None	None	None	None	None	None	0	NA	NA	Solid Tissue
PT_SYHB12RN	7316-194	Midline	6	BS_9DM8H1RX	NA	BS_AAVNFHHB	No	No	No	No	No	No	FGFR1	No R132 or R172	None	No V600E	NA	NA	NA	NA	NA	NA	NA	NA	NA	NA	NA	NA	NA	NA	NA	NA	NA	NA	NA	NA	NA	NA	NA	Solid Tissue
PT_T8V9ES93	7316-1106	Hemispheric	16	BS_J4E9SW51	BS_H1XPVS9A	BS_96QPQX80	No	No	No	No	No	No	BRAF	No R132 or R172	None	p.V600E	neutral	neutral	neutral	neutral	neutral	gain	gain	neutral	neutral	NA	NA	1.3473834059192422	0.3993936431122226	0.1034346039257293	None	None	None	None	None	None	0	NA	NA	Solid Tissue
PT_T9F17G9F	7316-8814	Hemispheric		BS_HF1TR0QN	BS_MG78HQDM	NA	No	No	No	No	No	No	None	No R132 or R172	None	No V600E	neutral	neutral, gain	neutral, gain	NA	NA	NA	NA	NA	NA	NA	NA	1.3186271014062811	0.7053235657457078	-0.3439623232689532	None	None	None	None	None	None	0	NA	NA	Solid Tissue
PT_TNJPSPW3	7316-10002			BS_BTDQZ60Q	BS_EXPJQZTH	NA	No	No	No	No	Yes	No	ATRX, H3F3A, TP53	No R132 or R172	None	No V600E	loss	loss	loss	NA	NA	NA	NA	NA	NA	NA	NA	1.1370045943379674	-1.64027190301014	-0.38482360876042787	None	None	None	None	None	None	0	NA	NA	Solid Tissue
PT_TPDB1WC8	7316-2777	Hemispheric	4	NA	BS_SD8YBRBR	BS_CK5JWE8K	NA	NA	NA	NA	NA	NA	NA	NA	NA	NA	NA	NA	NA	NA	NA	NA	NA	NA	NA	NA	NA	1.7448547165964192	-1.5366251385341336	0.6001384577374533	None	None	None	None	None	None	0	NA	NA	Solid Tissue
PT_TVJ5EGMR	7316-8033	Hemispheric	10	BS_7PAAZQE6	BS_G5NHSFD4	NA	No	No	No	No	No	No	None	No R132 or R172	None	No V600E	loss	loss	loss	NA	NA	NA	NA	NA	NA	NA	NA	1.7898506794546725	-1.4626921040101781	0.873363240834069	None	None	None	None	None	None	0	NA	NA	Solid Tissue
PT_TWAHK62W	7316-9055	Midline		BS_W60PB1DS	BS_MD0937XT	NA	No	No	No	No	No	No	TP53	No R132 or R172	None	No V600E	loss	loss, neutral	loss, neutral	NA	NA	NA	NA	NA	NA	NA	NA	-0.8023870859893512	0.2372034167052239	0.36458565350119976	None	None	None	None	None	None	0	NA	NA	Solid Tissue
PT_V1HNAC2Q	7316-3215	Midline	7	BS_NNFDFAFM	NA	NA	Yes	No	No	No	No	No	H3F3A, TP53	No R132 or R172	None	No V600E	neutral	amplification	neutral	neutral	neutral	neutral	neutral	gain	gain	NA	NA	NA	NA	NA	NA	NA	NA	NA	NA	NA	NA	NA	NA	Solid Tissue
PT_V1HNAC2Q	7316-3240	Midline	7	BS_YZD4SSMA	NA	NA	Yes	No	No	No	No	No	H3F3A, TP53	No R132 or R172	None	No V600E	neutral	neutral	neutral	neutral	neutral	neutral	neutral	gain	neutral	NA	NA	NA	NA	NA	NA	NA	NA	NA	NA	NA	NA	NA	NA	Derived Cell Line
PT_V1HNAC2Q	A07150	Midline	7	BS_7KR13R3P	BS_8ZY4GST0	NA	Yes	No	No	No	No	No	H3F3A, TP53	No R132 or R172	None	No V600E	NA	NA	NA	NA	NA	NA	NA	NA	NA	NA	NA	-0.7955349716977113	1.8071752358330033	-0.15226553427290013	None	ST7--MET	None	None	None	ST7--MET	1	NA	NA	Solid Tissue
PT_V482NWB8	7316-8037	Midline	11	BS_91HP99HY	BS_VKYEM67A	NA	Yes	No	No	No	No	No	H3F3A, TP53	No R132 or R172	None	No V600E	neutral	neutral	neutral	NA	NA	NA	NA	NA	NA	NA	NA	-0.022435343982556123	-0.43893081858083366	-0.08904899844759799	None	None	None	None	None	None	0	NA	NA	Solid Tissue
PT_V482NWB8	7316-8037	Midline	11	BS_91HP99HY	BS_VKYEM67A	NA	Yes	No	No	No	No	No	H3F3A, TP53	No R132 or R172	None	No V600E	neutral	neutral	neutral	NA	NA	NA	NA	NA	NA	NA	NA	-0.022435343982556123	-0.43893081858083366	-0.08904899844759799	None	None	None	None	None	None	0	NA	NA	Solid Tissue
PT_VAJN5QP8	7316-2176	Hemispheric	16	BS_KSHETTQC	BS_0C7VZC0A	BS_NBY2QK7M	No	No	No	No	No	No	None	No R132 or R172	None	No V600E	neutral	neutral	neutral	neutral	neutral	neutral	neutral	neutral	neutral	NA	NA	0.9583360752730262	0.5048063929839341	-0.2043160368256527	None	None	None	None	None	None	0	NA	NA	Solid Tissue
PT_VAJN5QP8	7316-2176	Hemispheric	16	BS_M659G06J	BS_5GNQC2FF	BS_NBY2QK7M	No	No	No	No	No	No	None	No R132 or R172	None	No V600E	neutral	neutral	neutral	neutral	neutral	neutral	neutral	neutral	neutral	A	739833	-0.8093073816422394	-1.7054558541664055	-0.3414441389929306	None	None	None	None	None	None	0	NA	739936	Derived Cell Line
PT_VCD0W8HG	7316-2756	Mixed	11	BS_TRGECFNP	BS_MWWZBQ60	BS_55PHGKRC	Yes	No	No	No	No	No	ATRX, H3F3A	No R132 or R172	None	No V600E	neutral	neutral	loss	neutral	neutral	neutral	neutral	neutral	neutral	NA	NA	-0.8023870859893512	0.5482711743902127	-0.3719375976497977	None	None	None	None	None	None	0	NA	NA	Solid Tissue
PT_VPEMAQBN	7316-3225	Midline	4	BS_Q6GVRAWK	NA	NA	No	Yes	No	No	No	No	HIST1H3B, TP53	No R132 or R172	None	No V600E	gain	neutral	neutral	gain	neutral	neutral	neutral	neutral	neutral	NA	NA	NA	NA	NA	NA	NA	NA	NA	NA	NA	NA	NA	NA	Solid Tissue
PT_VPEMAQBN	7316-3235	Midline	4	BS_VXDGXQKZ	NA	NA	No	Yes	No	No	No	No	HIST1H3B, TP53	No R132 or R172	None	No V600E	neutral	neutral	neutral	neutral	neutral	neutral	neutral	neutral	neutral	NA	NA	NA	NA	NA	NA	NA	NA	NA	NA	NA	NA	NA	NA	Derived Cell Line
PT_VPEMAQBN	A12748	Midline	4	BS_6VTQ3W4M	BS_0ZA67BBC	NA	No	Yes	No	No	No	No	HIST1H3B, TP53	No R132 or R172	None	No V600E	neutral	loss	loss	NA	NA	NA	NA	NA	NA	NA	NA	-0.8023870859893512	1.1108755572158764	1.5586195341698403	None	None	None	None	None	None	0	NA	NA	Solid Tissue
PT_VTM2STE3	7316-2189	Hemispheric	9	BS_02YBZSBY	BS_HJRTC9JQ	BS_MQ55A0TN	No	No	No	No	No	No	ATRX, BRAF, CIC, DAXX, FGFR1, FUBP1, SETD2, TP53	No R132 or R172	None	No V600E	neutral	neutral	neutral	neutral	neutral	neutral	neutral	neutral	neutral	NA	NA	0.1651929223463595	0.22022194282275306	-0.8046986735297651	None	None	None	None	None	None	0	NA	NA	Solid Tissue
PT_VTM2STE3	7316-2189	Hemispheric	9	BS_ERFMPQN3	BS_PGK832G2	BS_MQ55A0TN	No	No	No	No	No	No	SETD2, TP53	No R132 or R172	None	No V600E	neutral	neutral	neutral	neutral	neutral	neutral	neutral	neutral	neutral	A	739825	-0.8023870859893512	-1.6644663340440946	-0.7945344825561811	None	None	None	None	None	None	0	NA	740008	Derived Cell Line
PT_VVCN8DXT	7316-71	Hemispheric	7	BS_MSB1RDAJ	BS_X4X1SFSE	BS_PNS8DGQR	No	No	No	No	No	No	None	No R132 or R172	5'Flank	No V600E	neutral	neutral	neutral	neutral	neutral	neutral	neutral	neutral	neutral	NA	NA	0.621083767385033	-1.0498972168531036	-0.4082937059072107	None	None	None	None	None	None	0	NA	NA	Solid Tissue
PT_VWZZTK38	7316-1844	Mixed	11	NA	BS_TXZ7KHTQ	BS_DQ4MMXWD	NA	NA	NA	NA	NA	NA	NA	NA	NA	NA	NA	NA	NA	NA	NA	NA	NA	NA	NA	NA	NA	-0.8093073816422394	0.17423997300684	-0.35915852562331885	None	None	None	None	None	None	0	NA	NA	Solid Tissue
PT_W4XVT4AJ	7316-548	Midline	4	NA	BS_MKM0EEN1	BS_QFGWRM7H	NA	NA	NA	NA	NA	NA	NA	NA	NA	NA	NA	NA	NA	NA	NA	NA	NA	NA	NA	NA	NA	-0.8093073816422394	-0.08153911418381593	-1.004019546198882	None	None	None	None	None	None	0	NA	NA	Solid Tissue
PT_W5GP3F6B	7316-5003	Midline	6	BS_38CD519Z	NA	NA	Yes	No	No	No	No	No	H3F3A, TP53	No R132 or R172	None	No V600E	neutral	neutral	loss	neutral	neutral	neutral	neutral	neutral	neutral	NA	NA	NA	NA	NA	NA	NA	NA	NA	NA	NA	NA	NA	NA	Solid Tissue
PT_W5GP3F6B	A16915	Midline	6	BS_P7VR731D	BS_7WM3MNZ0	NA	Yes	No	No	No	No	No	H3F3A, TP53	No R132 or R172	None	No V600E	loss	loss	loss	NA	NA	NA	NA	NA	NA	NA	NA	-0.8023870859893512	1.2263725279266486	1.834846734097132	None	None	None	None	None	None	0	NA	NA	Solid Tissue
PT_W5GP3F6B	A16915	Midline	6	BS_P7VR731D	BS_KABQQA0T	NA	Yes	No	No	No	No	No	H3F3A, TP53	No R132 or R172	None	No V600E	loss	loss	loss	NA	NA	NA	NA	NA	NA	NA	NA	-0.7955349716977113	1.403470917161391	2.1528995510659423	None	None	None	None	None	None	0	NA	NA	Solid Tissue
PT_WGVEF96B	7316-3219	Midline	7	BS_TQ0J7WJQ	NA	NA	Yes	No	No	No	No	No	ATRX, H3F3A, TP53	No R132 or R172	None	No V600E	neutral	neutral	neutral	neutral	neutral	neutral	neutral	neutral	neutral	NA	NA	NA	NA	NA	NA	NA	NA	NA	NA	NA	NA	NA	NA	Solid Tissue
PT_WGVEF96B	7316-4446	Midline	7	BS_4DQAQFQH	NA	NA	Yes	No	No	No	No	No	ATRX, H3F3A, TP53	No R132 or R172	None	No V600E	NA	NA	NA	NA	NA	NA	NA	NA	NA	NA	NA	NA	NA	NA	NA	NA	NA	NA	NA	NA	NA	NA	NA	Derived Cell Line
PT_WGVEF96B	A08958	Midline	7	BS_TYFD8ZMG	BS_NB9XXBW6	NA	Yes	No	No	No	No	No	ATRX, H3F3A, TP53	No R132 or R172	None	No V600E	neutral	neutral	neutral	NA	NA	NA	NA	NA	NA	NA	NA	-0.8093073816422394	1.3276693400213615	0.8174888357951079	None	None	None	None	None	None	0	NA	NA	Solid Tissue
PT_WMWFCG6J	7316-8038	Other	14	BS_JWDK21ED	BS_WQ1YRTAT	NA	No	No	No	No	No	No	None	No R132 or R172	None	No V600E	loss	loss	loss	NA	NA	NA	NA	NA	NA	NA	NA	0.7172798613168286	0.665074170947817	0.5202910559340097	None	None	None	None	None	None	0	NA	NA	Solid Tissue
PT_X5TQR8V2	7316-343	Midline	17	BS_C19DFVR5	BS_BMMY0H73	BS_TME3CH5P	Yes	No	No	No	No	No	ATRX, H3F3A, TP53	No R132 or R172	None	No V600E	neutral	gain	neutral	neutral	neutral	neutral	neutral	neutral	neutral	NA	NA	-0.7887497083673238	0.6120156272369056	1.6245830548183826	NTRK2--NTRK2	None	None	None	None	NTRK2--NTRK2	1	NA	NA	Solid Tissue
PT_X71D7G5S	7316-1105	Hemispheric	14	BS_P8WN8XEQ	BS_C6ZZ3FY5	BS_2ETZRJQ6	No	No	No	No	Yes	No	ATRX, H3F3A, TP53	No R132 or R172	None	No V600E	neutral	gain	neutral	neutral	neutral	neutral	neutral	neutral	neutral	NA	NA	1.609481374742016	-1.1425825259433742	-0.5370332790639823	None	None	None	None	None	None	0	NA	NA	Solid Tissue
PT_X7HC5YCY	7316-255	Hemispheric	16	NA	BS_FN07P04C	BS_DZ2ZX07K	NA	NA	NA	NA	NA	NA	NA	NA	NA	NA	NA	NA	NA	NA	NA	NA	NA	NA	NA	NA	NA	1.0251204409403571	0.7267159831523982	0.6603757081454451	None	None	None	None	None	None	0	NA	NA	Solid Tissue
PT_X7HC5YCY	7316-255	Hemispheric	16	NA	BS_W4H1D4Y6	BS_DZ2ZX07K	NA	NA	NA	NA	NA	NA	NA	NA	NA	NA	NA	NA	NA	NA	NA	NA	NA	NA	NA	NA	NA	0.8533138060670891	1.0153115243577024	0.9437503711858809	None	None	None	None	None	None	0	NA	NA	Solid Tissue
PT_XKVFVBY4	7316-550	Mixed	5	NA	BS_W4DB5RP1	BS_E21K18A3	NA	NA	NA	NA	NA	NA	NA	NA	NA	NA	NA	NA	NA	NA	NA	NA	NA	NA	NA	NA	NA	-0.7955349716977113	0.3842579758741946	0.15714565423594	None	None	None	None	None	None	0	NA	NA	Solid Tissue
PT_Y585X1BS	7316-622	Hemispheric	8	NA	BS_W1385R8Y	BS_PKYWRC61	NA	NA	NA	NA	NA	NA	NA	NA	NA	NA	NA	NA	NA	NA	NA	NA	NA	NA	NA	NA	NA	0.8153570022470311	1.111250224943854	1.0421070714162965	None	None	None	None	None	None	0	NA	NA	Solid Tissue
PT_Y5KY6KN9	7316-195	Posterior fossa	9	BS_AYPBAHJ6	BS_4QW2S1Q8	BS_BJ9ACB1Q	Yes	No	No	No	No	No	H3F3A, TP53	No R132 or R172	None	No V600E	neutral	neutral	neutral	neutral	neutral	neutral	neutral	neutral	neutral	NA	NA	-0.8023870859893512	-0.1420457542315182	-1.2151775563973086	None	MET--GCK	None	None	None	MET--GCK	1	NA	NA	Solid Tissue
PT_Y5KY6KN9	7316-195	Posterior fossa	9	BS_JGKRN7NA	BS_MX23ZY0Y	BS_BJ9ACB1Q	Yes	No	No	No	No	No	H3F3A, TP53	No R132 or R172	None	No V600E	neutral	neutral	neutral	neutral	neutral	neutral	neutral	neutral	neutral	S	739835	-0.8023870859893512	0.6008194525643622	-0.4919881851842569	None	None	None	None	None	None	0	NA	739938	Derived Cell Line
PT_Y5KY6KN9	7316-195	Posterior fossa	9	BS_XMP9XNR9	BS_P9JP6JFA	BS_BJ9ACB1Q	Yes	No	No	No	No	No	H3F3A, TP53	No R132 or R172	None	No V600E	neutral	neutral	loss, gain	loss	neutral	neutral	neutral	neutral	neutral	A	739834	-0.7820300041617297	-1.7161822728253122	-1.5291228567905792	None	None	None	None	None	None	0	NA	739937	Derived Cell Line
PT_Y660CKCB	7316-3122	Midline	15	BS_FKQ7F6D1	BS_XG0DBWVT	BS_WPJKS5T6	Yes	No	No	No	No	No	ATRX, H3F3A, TP53	No R132 or R172	None	No V600E	neutral	neutral	loss	neutral	neutral	neutral	neutral	neutral	neutral	NA	NA	-0.7001137903528867	0.44349398321927586	-0.028325684201369692	None	None	None	None	None	None	0	NA	NA	Solid Tissue
PT_Y74CVASJ	7316-5002	Midline	4	BS_5Z0GA574	NA	NA	Yes	No	No	No	No	No	H3F3A, TP53	No R132 or R172	None	No V600E	neutral	neutral	neutral	neutral	neutral	neutral	neutral	neutral	neutral	NA	NA	NA	NA	NA	NA	NA	NA	NA	NA	NA	NA	NA	NA	Solid Tissue
PT_Y74CVASJ	A16538	Midline	4	BS_KPG4WCHS	BS_2JP7RBMB	NA	Yes	No	No	No	No	No	H3F3A, TP53	No R132 or R172	None	No V600E	gain	neutral	neutral	NA	NA	NA	NA	NA	NA	NA	NA	-0.8093073816422394	0.7713285677222764	0.40229862435691793	None	None	None	None	None	None	0	NA	NA	Solid Tissue
PT_Y76A7PBA	7316-2288	Hemispheric	9	BS_M4E4H6NG	BS_VVTHDRBD	BS_QTWKCTS7	No	No	No	No	No	No	None	No R132 or R172	None	No V600E	neutral	neutral	neutral	neutral	neutral	gain	gain	neutral	neutral	NA	NA	-0.3307207678581259	0.9530015682753976	-0.08052964426001652	None	None	None	None	None	None	0	NA	NA	Solid Tissue
PT_Y8RNS9JE	7316-1656	Hemispheric	0	BS_3BMGF6GN	BS_X23724NJ	BS_C4BJX2SA	No	No	No	No	No	No	BRAF, TP53	No R132 or R172	None	p.V600E	loss	neutral	neutral	neutral	neutral	neutral	neutral	neutral	neutral	NA	NA	0.4817181232134361	-0.8393059691116566	-0.5031265291664003	None	None	None	None	None	None	0	NA	NA	Solid Tissue
PT_YRNATR8Q	7316-8039	Hemispheric	9	BS_JD5FE0V5	BS_J9CBGP57	NA	No	No	No	No	No	No	TP53	No R132 or R172	None	No V600E	loss	amplification	amplification	NA	NA	NA	NA	NA	NA	NA	NA	-0.19754107489998227	0.5201615837762992	0.5795241024667862	None	None	None	None	None	None	0	NA	NA	Solid Tissue
PT_Z2KHR3GQ	7316-8377	Midline		BS_X8YB5G5J	BS_CZPQ493E	NA	Yes	No	No	No	No	No	ATRX, H3F3A	No R132 or R172	None	No V600E	gain	neutral	neutral	NA	NA	NA	NA	NA	NA	NA	NA	-0.052229987822321446	-0.7605084253756376	-0.9695862504309471	None	None	None	None	None	None	0	NA	NA	Solid Tissue
PT_Z2KHR3GQ	7316-8377	Midline		BS_X8YB5G5J	BS_CZPQ493E	NA	Yes	No	No	No	No	No	ATRX, H3F3A	No R132 or R172	None	No V600E	gain	neutral	neutral	NA	NA	NA	NA	NA	NA	NA	NA	-0.052229987822321446	-0.7605084253756376	-0.9695862504309471	None	None	None	None	None	None	0	NA	NA	Solid Tissue
PT_Z4BF2NSB	7316-161	Hemispheric	16	BS_W2QCHQ7E	BS_SHJA4MR0	BS_98KYK28K	No	No	No	No	No	No	CIC, TP53	No R132 or R172	None	No V600E	amplification	neutral	loss	gain	neutral	neutral	neutral	loss	loss	NA	NA	1.020628602022625	-0.9955625402829018	-0.26535543488568464	None	None	None	None	None	None	0	NA	NA	Solid Tissue
PT_Z4BF2NSB	7316-161	Hemispheric	16	BS_W2QCHQ7E	BS_X0XXN9BK	BS_98KYK28K	No	No	No	No	No	No	CIC, TP53	No R132 or R172	None	No V600E	amplification	neutral	loss	gain	neutral	neutral	neutral	loss	loss	NA	NA	1.5066955342632073	-1.524903417625507	0.8938042844666865	None	None	None	None	None	None	0	NA	NA	Solid Tissue
PT_Z4PJA6KT	7316-1763	Midline	10	BS_853PNV7P	BS_DRY58DTF	BS_QWM1BP7G	Yes	No	No	No	No	No	H3F3A, TP53	No R132 or R172	None	No V600E	neutral	neutral	neutral	neutral	neutral	neutral	neutral	neutral	neutral	A	739837	-0.8023870859893512	-1.7271149813615014	-0.2534276499053019	None	None	None	None	None	None	0	NA	739940	Derived Cell Line
PT_Z4PJA6KT	7316-1763	Midline	10	BS_TF5TTEXH	BS_E60JZ9Z3	BS_QWM1BP7G	Yes	No	No	No	No	No	H3F3A, TP53	No R132 or R172	None	No V600E	neutral	neutral	neutral	neutral	neutral	neutral	neutral	neutral	neutral	S	739836	-0.8023870859893512	0.2752849786024559	0.47061354327002025	None	None	None	None	None	None	0	NA	739939	Derived Cell Line
PT_Z4PJA6KT	7316-1763	Midline	10	BS_WPCBK1EG	BS_6WP1FHTE	BS_QWM1BP7G	Yes	No	No	No	No	No	H3F3A, TP53	No R132 or R172	None	No V600E	gain	gain	loss	gain	neutral	neutral	neutral	neutral	neutral	NA	NA	-0.3484185160389702	-0.008843550239004747	-0.601203786633756	None	None	None	None	None	None	0	NA	NA	Solid Tissue
PT_ZKQTJ7F7	7316-9560			BS_XHRV3SAK	BS_ENX83H9Z	NA	No	No	No	No	No	No	ATRX, IDH1, TP53	p.R132C	None	No V600E	neutral	neutral, gain	neutral, gain	NA	NA	NA	NA	NA	NA	NA	NA	-0.2546539070728778	0.02479815994647432	-2.9157979416786883	None	None	None	None	None	None	0	NA	NA	Solid Tissue
PT_ZTWCA9HX	7316-8040	Hemispheric	20	BS_9W04ZPRR	BS_HRJ9145M	NA	No	No	No	No	No	No	None	No R132 or R172	None	No V600E	neutral	neutral	neutral	NA	NA	NA	NA	NA	NA	NA	NA	0.9171644853433887	-1.4838802703804699	-1.7511545954616703	None	None	None	None	None	None	0	NA	NA	Solid Tissue
PT_ZVYRFGEN	7316-1068	Midline	3	NA	BS_ZV1P6W9C	BS_N214HN9M	NA	NA	NA	NA	NA	NA	NA	NA	NA	NA	NA	NA	NA	NA	NA	NA	NA	NA	NA	NA	NA	-0.8023870859893512	-0.6442355625417656	-0.43747384308436804	None	None	None	None	None	None	0	NA	NA	Solid Tissue
