hallmark_name	comparison	pathway_score_difference	tukey_p_value	bonferroni_pvalue	significant_tukey	significant_tukey_bonf
HALLMARK_ADIPOGENESIS	Acute Myeloid Leukemia-Acute Lymphoblastic Leukemia	0.27851510331248525	0	0	TRUE	TRUE
HALLMARK_ADIPOGENESIS	Osteosarcoma-Acute Lymphoblastic Leukemia	0.6006287937735554	0	0	TRUE	TRUE
HALLMARK_ADIPOGENESIS	Rhabdoid tumor of the kidney-Acute Lymphoblastic Leukemia	0.5081409595522862	0	0	TRUE	TRUE
HALLMARK_ADIPOGENESIS	Wilms tumor-Acute Lymphoblastic Leukemia	0.45670485900635943	0	0	TRUE	TRUE
HALLMARK_ADIPOGENESIS	Osteosarcoma-Acute Myeloid Leukemia	0.32211369046107013	0	0	TRUE	TRUE
HALLMARK_ADIPOGENESIS	Rhabdoid tumor of the kidney-Acute Myeloid Leukemia	0.22962585623980097	0	0	TRUE	TRUE
HALLMARK_ADIPOGENESIS	Wilms tumor-Acute Myeloid Leukemia	0.17818975569387416	0	0	TRUE	TRUE
HALLMARK_ADIPOGENESIS	Rhabdoid tumor of the kidney-Osteosarcoma	-0.09248783422126913	0.007139484284518716	0.3569742142259358	TRUE	FALSE
HALLMARK_ADIPOGENESIS	Wilms tumor-Osteosarcoma	-0.14392393476719595	2.736307846973318e-9	1.368153923486659e-7	TRUE	TRUE
HALLMARK_ADIPOGENESIS	Wilms tumor-Rhabdoid tumor of the kidney	-0.051436100545926816	0.2577343293235732	1	FALSE	FALSE
HALLMARK_ALLOGRAFT_REJECTION	Acute Myeloid Leukemia-Acute Lymphoblastic Leukemia	0.15792370775613615	0	0	TRUE	TRUE
HALLMARK_ALLOGRAFT_REJECTION	Osteosarcoma-Acute Lymphoblastic Leukemia	-0.3416917725839321	0	0	TRUE	TRUE
HALLMARK_ALLOGRAFT_REJECTION	Rhabdoid tumor of the kidney-Acute Lymphoblastic Leukemia	-0.3858863729480081	0	0	TRUE	TRUE
HALLMARK_ALLOGRAFT_REJECTION	Wilms tumor-Acute Lymphoblastic Leukemia	-0.6860049953542043	0	0	TRUE	TRUE
HALLMARK_ALLOGRAFT_REJECTION	Osteosarcoma-Acute Myeloid Leukemia	-0.4996154803400682	0	0	TRUE	TRUE
HALLMARK_ALLOGRAFT_REJECTION	Rhabdoid tumor of the kidney-Acute Myeloid Leukemia	-0.5438100807041442	0	0	TRUE	TRUE
HALLMARK_ALLOGRAFT_REJECTION	Wilms tumor-Acute Myeloid Leukemia	-0.8439287031103405	0	0	TRUE	TRUE
HALLMARK_ALLOGRAFT_REJECTION	Rhabdoid tumor of the kidney-Osteosarcoma	-0.04419460036407599	0.6349515116650549	1	FALSE	FALSE
HALLMARK_ALLOGRAFT_REJECTION	Wilms tumor-Osteosarcoma	-0.3443132227702723	0	0	TRUE	TRUE
HALLMARK_ALLOGRAFT_REJECTION	Wilms tumor-Rhabdoid tumor of the kidney	-0.3001186224061963	0	0	TRUE	TRUE
HALLMARK_ANDROGEN_RESPONSE	Acute Myeloid Leukemia-Acute Lymphoblastic Leukemia	0.07994969560732365	4.227726170924484e-6	2.113863085462242e-4	TRUE	TRUE
HALLMARK_ANDROGEN_RESPONSE	Osteosarcoma-Acute Lymphoblastic Leukemia	0.29658676879937473	0	0	TRUE	TRUE
HALLMARK_ANDROGEN_RESPONSE	Rhabdoid tumor of the kidney-Acute Lymphoblastic Leukemia	0.008742203823601774	0.9960188568717447	1	FALSE	FALSE
HALLMARK_ANDROGEN_RESPONSE	Wilms tumor-Acute Lymphoblastic Leukemia	0.17690875124337568	0	0	TRUE	TRUE
HALLMARK_ANDROGEN_RESPONSE	Osteosarcoma-Acute Myeloid Leukemia	0.21663707319205108	0	0	TRUE	TRUE
HALLMARK_ANDROGEN_RESPONSE	Rhabdoid tumor of the kidney-Acute Myeloid Leukemia	-0.07120749178372188	0.025742949930340542	1	FALSE	FALSE
HALLMARK_ANDROGEN_RESPONSE	Wilms tumor-Acute Myeloid Leukemia	0.09695905563605203	2.8183191367325833e-6	1.4091595683662916e-4	TRUE	TRUE
HALLMARK_ANDROGEN_RESPONSE	Rhabdoid tumor of the kidney-Osteosarcoma	-0.28784456497577293	0	0	TRUE	TRUE
HALLMARK_ANDROGEN_RESPONSE	Wilms tumor-Osteosarcoma	-0.11967801755599905	3.848840674391951e-6	1.9244203371959756e-4	TRUE	TRUE
HALLMARK_ANDROGEN_RESPONSE	Wilms tumor-Rhabdoid tumor of the kidney	0.1681665474197739	0	0	TRUE	TRUE
HALLMARK_ANGIOGENESIS	Acute Myeloid Leukemia-Acute Lymphoblastic Leukemia	0.27643557516558614	0	0	TRUE	TRUE
HALLMARK_ANGIOGENESIS	Osteosarcoma-Acute Lymphoblastic Leukemia	0.884578588327682	0	0	TRUE	TRUE
HALLMARK_ANGIOGENESIS	Rhabdoid tumor of the kidney-Acute Lymphoblastic Leukemia	0.7718203839775324	0	0	TRUE	TRUE
HALLMARK_ANGIOGENESIS	Wilms tumor-Acute Lymphoblastic Leukemia	0.5948198951681939	0	0	TRUE	TRUE
HALLMARK_ANGIOGENESIS	Osteosarcoma-Acute Myeloid Leukemia	0.6081430131620957	0	0	TRUE	TRUE
HALLMARK_ANGIOGENESIS	Rhabdoid tumor of the kidney-Acute Myeloid Leukemia	0.49538480881194624	0	0	TRUE	TRUE
HALLMARK_ANGIOGENESIS	Wilms tumor-Acute Myeloid Leukemia	0.31838432000260775	0	0	TRUE	TRUE
HALLMARK_ANGIOGENESIS	Rhabdoid tumor of the kidney-Osteosarcoma	-0.1127582043501495	0.003785596459906726	0.1892798229953363	TRUE	FALSE
HALLMARK_ANGIOGENESIS	Wilms tumor-Osteosarcoma	-0.28975869315948805	0	0	TRUE	TRUE
HALLMARK_ANGIOGENESIS	Wilms tumor-Rhabdoid tumor of the kidney	-0.17700048880933855	2.4844126422784996e-8	1.2422063211392498e-6	TRUE	TRUE
HALLMARK_APICAL_JUNCTION	Acute Myeloid Leukemia-Acute Lymphoblastic Leukemia	0.004193086323366152	0.995096305934456	1	FALSE	FALSE
HALLMARK_APICAL_JUNCTION	Osteosarcoma-Acute Lymphoblastic Leukemia	0.4964801328768541	0	0	TRUE	TRUE
HALLMARK_APICAL_JUNCTION	Rhabdoid tumor of the kidney-Acute Lymphoblastic Leukemia	0.4236468951613292	0	0	TRUE	TRUE
HALLMARK_APICAL_JUNCTION	Wilms tumor-Acute Lymphoblastic Leukemia	0.3671976280647449	0	0	TRUE	TRUE
HALLMARK_APICAL_JUNCTION	Osteosarcoma-Acute Myeloid Leukemia	0.49228704655348793	0	0	TRUE	TRUE
HALLMARK_APICAL_JUNCTION	Rhabdoid tumor of the kidney-Acute Myeloid Leukemia	0.419453808837963	0	0	TRUE	TRUE
HALLMARK_APICAL_JUNCTION	Wilms tumor-Acute Myeloid Leukemia	0.36300454174137875	0	0	TRUE	TRUE
HALLMARK_APICAL_JUNCTION	Rhabdoid tumor of the kidney-Osteosarcoma	-0.07283323771552488	0.0013492235514753759	0.0674611775737688	TRUE	FALSE
HALLMARK_APICAL_JUNCTION	Wilms tumor-Osteosarcoma	-0.12928250481210918	0	0	TRUE	TRUE
HALLMARK_APICAL_JUNCTION	Wilms tumor-Rhabdoid tumor of the kidney	-0.056449267096584294	0.01266715320257139	0.6333576601285695	FALSE	FALSE
HALLMARK_APICAL_SURFACE	Acute Myeloid Leukemia-Acute Lymphoblastic Leukemia	-0.006637132608289992	0.9903203870887053	1	FALSE	FALSE
HALLMARK_APICAL_SURFACE	Osteosarcoma-Acute Lymphoblastic Leukemia	0.3137299430765482	0	0	TRUE	TRUE
HALLMARK_APICAL_SURFACE	Rhabdoid tumor of the kidney-Acute Lymphoblastic Leukemia	0.26092900437160993	0	0	TRUE	TRUE
HALLMARK_APICAL_SURFACE	Wilms tumor-Acute Lymphoblastic Leukemia	0.27744056466578165	0	0	TRUE	TRUE
HALLMARK_APICAL_SURFACE	Osteosarcoma-Acute Myeloid Leukemia	0.32036707568483824	0	0	TRUE	TRUE
HALLMARK_APICAL_SURFACE	Rhabdoid tumor of the kidney-Acute Myeloid Leukemia	0.26756613697989995	0	0	TRUE	TRUE
HALLMARK_APICAL_SURFACE	Wilms tumor-Acute Myeloid Leukemia	0.2840776972740716	0	0	TRUE	TRUE
HALLMARK_APICAL_SURFACE	Rhabdoid tumor of the kidney-Osteosarcoma	-0.052800938704938266	0.22524358642531073	1	FALSE	FALSE
HALLMARK_APICAL_SURFACE	Wilms tumor-Osteosarcoma	-0.03628937841076657	0.4295308802378144	1	FALSE	FALSE
HALLMARK_APICAL_SURFACE	Wilms tumor-Rhabdoid tumor of the kidney	0.016511560294171695	0.9553640690571266	1	FALSE	FALSE
HALLMARK_APOPTOSIS	Acute Myeloid Leukemia-Acute Lymphoblastic Leukemia	0.17474939115378563	0	0	TRUE	TRUE
HALLMARK_APOPTOSIS	Osteosarcoma-Acute Lymphoblastic Leukemia	0.13712309189033325	0	0	TRUE	TRUE
HALLMARK_APOPTOSIS	Rhabdoid tumor of the kidney-Acute Lymphoblastic Leukemia	-0.07770963500425535	0.0014520020846375825	0.07260010423187913	TRUE	FALSE
HALLMARK_APOPTOSIS	Wilms tumor-Acute Lymphoblastic Leukemia	-0.17172698725426475	0	0	TRUE	TRUE
HALLMARK_APOPTOSIS	Osteosarcoma-Acute Myeloid Leukemia	-0.037626299263452366	0.2509121825277483	1	FALSE	FALSE
HALLMARK_APOPTOSIS	Rhabdoid tumor of the kidney-Acute Myeloid Leukemia	-0.25245902615804094	0	0	TRUE	TRUE
HALLMARK_APOPTOSIS	Wilms tumor-Acute Myeloid Leukemia	-0.34647637840805035	0	0	TRUE	TRUE
HALLMARK_APOPTOSIS	Rhabdoid tumor of the kidney-Osteosarcoma	-0.2148327268945886	0	0	TRUE	TRUE
HALLMARK_APOPTOSIS	Wilms tumor-Osteosarcoma	-0.308850079144598	0	0	TRUE	TRUE
HALLMARK_APOPTOSIS	Wilms tumor-Rhabdoid tumor of the kidney	-0.0940173522500094	2.6204136402685485e-4	0.013102068201342743	TRUE	FALSE
HALLMARK_BILE_ACID_METABOLISM	Acute Myeloid Leukemia-Acute Lymphoblastic Leukemia	0.06599040779441478	0	0	TRUE	TRUE
HALLMARK_BILE_ACID_METABOLISM	Osteosarcoma-Acute Lymphoblastic Leukemia	0.3338053376306334	0	0	TRUE	TRUE
HALLMARK_BILE_ACID_METABOLISM	Rhabdoid tumor of the kidney-Acute Lymphoblastic Leukemia	0.2938516547163427	0	0	TRUE	TRUE
HALLMARK_BILE_ACID_METABOLISM	Wilms tumor-Acute Lymphoblastic Leukemia	0.27755464809163166	0	0	TRUE	TRUE
HALLMARK_BILE_ACID_METABOLISM	Osteosarcoma-Acute Myeloid Leukemia	0.26781492983621863	0	0	TRUE	TRUE
HALLMARK_BILE_ACID_METABOLISM	Rhabdoid tumor of the kidney-Acute Myeloid Leukemia	0.22786124692192794	0	0	TRUE	TRUE
HALLMARK_BILE_ACID_METABOLISM	Wilms tumor-Acute Myeloid Leukemia	0.2115642402972169	0	0	TRUE	TRUE
HALLMARK_BILE_ACID_METABOLISM	Rhabdoid tumor of the kidney-Osteosarcoma	-0.03995368291429069	0.16673366501065046	1	FALSE	FALSE
HALLMARK_BILE_ACID_METABOLISM	Wilms tumor-Osteosarcoma	-0.056250689539001725	0.001801174803178096	0.0900587401589048	TRUE	FALSE
HALLMARK_BILE_ACID_METABOLISM	Wilms tumor-Rhabdoid tumor of the kidney	-0.016297006624711036	0.8622187972222574	1	FALSE	FALSE
HALLMARK_CHOLESTEROL_HOMEOSTASIS	Acute Myeloid Leukemia-Acute Lymphoblastic Leukemia	0.14595873592256606	0	0	TRUE	TRUE
HALLMARK_CHOLESTEROL_HOMEOSTASIS	Osteosarcoma-Acute Lymphoblastic Leukemia	0.5014590212857641	0	0	TRUE	TRUE
HALLMARK_CHOLESTEROL_HOMEOSTASIS	Rhabdoid tumor of the kidney-Acute Lymphoblastic Leukemia	0.3601643942427428	0	0	TRUE	TRUE
HALLMARK_CHOLESTEROL_HOMEOSTASIS	Wilms tumor-Acute Lymphoblastic Leukemia	0.2911375871255629	0	0	TRUE	TRUE
HALLMARK_CHOLESTEROL_HOMEOSTASIS	Osteosarcoma-Acute Myeloid Leukemia	0.3555002853631981	0	0	TRUE	TRUE
HALLMARK_CHOLESTEROL_HOMEOSTASIS	Rhabdoid tumor of the kidney-Acute Myeloid Leukemia	0.2142056583201768	0	0	TRUE	TRUE
HALLMARK_CHOLESTEROL_HOMEOSTASIS	Wilms tumor-Acute Myeloid Leukemia	0.14517885120299687	0	0	TRUE	TRUE
HALLMARK_CHOLESTEROL_HOMEOSTASIS	Rhabdoid tumor of the kidney-Osteosarcoma	-0.14129462704302134	6.070525897516887e-7	3.0352629487584437e-5	TRUE	TRUE
HALLMARK_CHOLESTEROL_HOMEOSTASIS	Wilms tumor-Osteosarcoma	-0.21032143416020127	0	0	TRUE	TRUE
HALLMARK_CHOLESTEROL_HOMEOSTASIS	Wilms tumor-Rhabdoid tumor of the kidney	-0.06902680711717993	0.03303860884454213	1	FALSE	FALSE
HALLMARK_COAGULATION	Acute Myeloid Leukemia-Acute Lymphoblastic Leukemia	0.27727871735810916	0	0	TRUE	TRUE
HALLMARK_COAGULATION	Osteosarcoma-Acute Lymphoblastic Leukemia	0.6402750676294057	0	0	TRUE	TRUE
HALLMARK_COAGULATION	Rhabdoid tumor of the kidney-Acute Lymphoblastic Leukemia	0.5198281029860312	0	0	TRUE	TRUE
HALLMARK_COAGULATION	Wilms tumor-Acute Lymphoblastic Leukemia	0.35919834491693187	0	0	TRUE	TRUE
HALLMARK_COAGULATION	Osteosarcoma-Acute Myeloid Leukemia	0.3629963502712965	0	0	TRUE	TRUE
HALLMARK_COAGULATION	Rhabdoid tumor of the kidney-Acute Myeloid Leukemia	0.24254938562792203	0	0	TRUE	TRUE
HALLMARK_COAGULATION	Wilms tumor-Acute Myeloid Leukemia	0.08191962755882268	2.386053103609065e-5	0.0011930265518045324	TRUE	TRUE
HALLMARK_COAGULATION	Rhabdoid tumor of the kidney-Osteosarcoma	-0.12044696464337445	2.976009250965639e-5	0.0014880046254828194	TRUE	TRUE
HALLMARK_COAGULATION	Wilms tumor-Osteosarcoma	-0.2810767227124738	0	0	TRUE	TRUE
HALLMARK_COAGULATION	Wilms tumor-Rhabdoid tumor of the kidney	-0.16062975806909935	0	0	TRUE	TRUE
HALLMARK_COMPLEMENT	Acute Myeloid Leukemia-Acute Lymphoblastic Leukemia	0.22180261932798867	0	0	TRUE	TRUE
HALLMARK_COMPLEMENT	Osteosarcoma-Acute Lymphoblastic Leukemia	0.20518639615965595	0	0	TRUE	TRUE
HALLMARK_COMPLEMENT	Rhabdoid tumor of the kidney-Acute Lymphoblastic Leukemia	0.04516783780395897	0.30196212728564187	1	FALSE	FALSE
HALLMARK_COMPLEMENT	Wilms tumor-Acute Lymphoblastic Leukemia	-0.18048310905097892	0	0	TRUE	TRUE
HALLMARK_COMPLEMENT	Osteosarcoma-Acute Myeloid Leukemia	-0.01661622316833275	0.9351395564720982	1	FALSE	FALSE
HALLMARK_COMPLEMENT	Rhabdoid tumor of the kidney-Acute Myeloid Leukemia	-0.17663478152402973	0	0	TRUE	TRUE
HALLMARK_COMPLEMENT	Wilms tumor-Acute Myeloid Leukemia	-0.4022857283789676	0	0	TRUE	TRUE
HALLMARK_COMPLEMENT	Rhabdoid tumor of the kidney-Osteosarcoma	-0.16001855835569695	8.188388711527494e-8	4.094194355763747e-6	TRUE	TRUE
HALLMARK_COMPLEMENT	Wilms tumor-Osteosarcoma	-0.38566950521063487	0	0	TRUE	TRUE
HALLMARK_COMPLEMENT	Wilms tumor-Rhabdoid tumor of the kidney	-0.22565094685493792	0	0	TRUE	TRUE
HALLMARK_DNA_REPAIR	Acute Myeloid Leukemia-Acute Lymphoblastic Leukemia	0.1011297078676702	3.594152921837512e-5	0.0017970764609187562	TRUE	TRUE
HALLMARK_DNA_REPAIR	Osteosarcoma-Acute Lymphoblastic Leukemia	0.35784787869696866	0	0	TRUE	TRUE
HALLMARK_DNA_REPAIR	Rhabdoid tumor of the kidney-Acute Lymphoblastic Leukemia	0.435981708886381	0	0	TRUE	TRUE
HALLMARK_DNA_REPAIR	Wilms tumor-Acute Lymphoblastic Leukemia	0.5354343041676002	0	0	TRUE	TRUE
HALLMARK_DNA_REPAIR	Osteosarcoma-Acute Myeloid Leukemia	0.2567181708292985	0	0	TRUE	TRUE
HALLMARK_DNA_REPAIR	Rhabdoid tumor of the kidney-Acute Myeloid Leukemia	0.3348520010187108	0	0	TRUE	TRUE
HALLMARK_DNA_REPAIR	Wilms tumor-Acute Myeloid Leukemia	0.43430459629992996	0	0	TRUE	TRUE
HALLMARK_DNA_REPAIR	Rhabdoid tumor of the kidney-Osteosarcoma	0.07813383018941233	0.251396317531731	1	FALSE	FALSE
HALLMARK_DNA_REPAIR	Wilms tumor-Osteosarcoma	0.17758642547063147	5.376519662814161e-7	2.6882598314070805e-5	TRUE	TRUE
HALLMARK_DNA_REPAIR	Wilms tumor-Rhabdoid tumor of the kidney	0.09945259528121914	0.04289099326311774	1	FALSE	FALSE
HALLMARK_E2F_TARGETS	Acute Myeloid Leukemia-Acute Lymphoblastic Leukemia	-0.16893891121372734	2.580938603946592e-7	1.290469301973296e-5	TRUE	TRUE
HALLMARK_E2F_TARGETS	Osteosarcoma-Acute Lymphoblastic Leukemia	0.2408153972911437	2.9851838334593594e-8	1.4925919167296797e-6	TRUE	TRUE
HALLMARK_E2F_TARGETS	Rhabdoid tumor of the kidney-Acute Lymphoblastic Leukemia	0.3607027301499371	0	0	TRUE	TRUE
HALLMARK_E2F_TARGETS	Wilms tumor-Acute Lymphoblastic Leukemia	0.5537534618536163	0	0	TRUE	TRUE
HALLMARK_E2F_TARGETS	Osteosarcoma-Acute Myeloid Leukemia	0.40975430850487105	0	0	TRUE	TRUE
HALLMARK_E2F_TARGETS	Rhabdoid tumor of the kidney-Acute Myeloid Leukemia	0.5296416413636644	0	0	TRUE	TRUE
HALLMARK_E2F_TARGETS	Wilms tumor-Acute Myeloid Leukemia	0.7226923730673436	0	0	TRUE	TRUE
HALLMARK_E2F_TARGETS	Rhabdoid tumor of the kidney-Osteosarcoma	0.11988733285879338	0.16243863430415895	1	FALSE	FALSE
HALLMARK_E2F_TARGETS	Wilms tumor-Osteosarcoma	0.3129380645624726	0	0	TRUE	TRUE
HALLMARK_E2F_TARGETS	Wilms tumor-Rhabdoid tumor of the kidney	0.1930507317036792	9.590466796454145e-4	0.04795233398227072	TRUE	FALSE
HALLMARK_EPITHELIAL_MESENCHYMAL_TRANSITION	Acute Myeloid Leukemia-Acute Lymphoblastic Leukemia	0.1793574435959468	0	0	TRUE	TRUE
HALLMARK_EPITHELIAL_MESENCHYMAL_TRANSITION	Osteosarcoma-Acute Lymphoblastic Leukemia	0.979445010608162	0	0	TRUE	TRUE
HALLMARK_EPITHELIAL_MESENCHYMAL_TRANSITION	Rhabdoid tumor of the kidney-Acute Lymphoblastic Leukemia	0.8377837337021712	0	0	TRUE	TRUE
HALLMARK_EPITHELIAL_MESENCHYMAL_TRANSITION	Wilms tumor-Acute Lymphoblastic Leukemia	0.7105096457406105	0	0	TRUE	TRUE
HALLMARK_EPITHELIAL_MESENCHYMAL_TRANSITION	Osteosarcoma-Acute Myeloid Leukemia	0.8000875670122153	0	0	TRUE	TRUE
HALLMARK_EPITHELIAL_MESENCHYMAL_TRANSITION	Rhabdoid tumor of the kidney-Acute Myeloid Leukemia	0.6584262901062243	0	0	TRUE	TRUE
HALLMARK_EPITHELIAL_MESENCHYMAL_TRANSITION	Wilms tumor-Acute Myeloid Leukemia	0.5311522021446637	0	0	TRUE	TRUE
HALLMARK_EPITHELIAL_MESENCHYMAL_TRANSITION	Rhabdoid tumor of the kidney-Osteosarcoma	-0.1416612769059909	5.000590315162867e-7	2.5002951575814336e-5	TRUE	TRUE
HALLMARK_EPITHELIAL_MESENCHYMAL_TRANSITION	Wilms tumor-Osteosarcoma	-0.2689353648675516	0	0	TRUE	TRUE
HALLMARK_EPITHELIAL_MESENCHYMAL_TRANSITION	Wilms tumor-Rhabdoid tumor of the kidney	-0.1272740879615607	1.261406521679831e-6	6.307032608399155e-5	TRUE	TRUE
HALLMARK_ESTROGEN_RESPONSE_EARLY	Acute Myeloid Leukemia-Acute Lymphoblastic Leukemia	0.03995222760572423	0.00356594158942225	0.1782970794711125	TRUE	FALSE
HALLMARK_ESTROGEN_RESPONSE_EARLY	Osteosarcoma-Acute Lymphoblastic Leukemia	0.2792923859259911	0	0	TRUE	TRUE
HALLMARK_ESTROGEN_RESPONSE_EARLY	Rhabdoid tumor of the kidney-Acute Lymphoblastic Leukemia	0.1013144367822641	2.7899606735992677e-8	1.3949803367996338e-6	TRUE	TRUE
HALLMARK_ESTROGEN_RESPONSE_EARLY	Wilms tumor-Acute Lymphoblastic Leukemia	0.251246089816371	0	0	TRUE	TRUE
HALLMARK_ESTROGEN_RESPONSE_EARLY	Osteosarcoma-Acute Myeloid Leukemia	0.23934015832026687	0	0	TRUE	TRUE
HALLMARK_ESTROGEN_RESPONSE_EARLY	Rhabdoid tumor of the kidney-Acute Myeloid Leukemia	0.061362209176539874	0.003441452943407697	0.17207264717038484	TRUE	FALSE
HALLMARK_ESTROGEN_RESPONSE_EARLY	Wilms tumor-Acute Myeloid Leukemia	0.21129386221064678	0	0	TRUE	TRUE
HALLMARK_ESTROGEN_RESPONSE_EARLY	Rhabdoid tumor of the kidney-Osteosarcoma	-0.177977949143727	0	0	TRUE	TRUE
HALLMARK_ESTROGEN_RESPONSE_EARLY	Wilms tumor-Osteosarcoma	-0.028046296109620103	0.44878766289165983	1	FALSE	FALSE
HALLMARK_ESTROGEN_RESPONSE_EARLY	Wilms tumor-Rhabdoid tumor of the kidney	0.14993165303410688	0	0	TRUE	TRUE
HALLMARK_ESTROGEN_RESPONSE_LATE	Acute Myeloid Leukemia-Acute Lymphoblastic Leukemia	0.15390300035256227	0	0	TRUE	TRUE
HALLMARK_ESTROGEN_RESPONSE_LATE	Osteosarcoma-Acute Lymphoblastic Leukemia	0.34897571577101444	0	0	TRUE	TRUE
HALLMARK_ESTROGEN_RESPONSE_LATE	Rhabdoid tumor of the kidney-Acute Lymphoblastic Leukemia	0.2922029546112326	0	0	TRUE	TRUE
HALLMARK_ESTROGEN_RESPONSE_LATE	Wilms tumor-Acute Lymphoblastic Leukemia	0.3335453732612925	0	0	TRUE	TRUE
HALLMARK_ESTROGEN_RESPONSE_LATE	Osteosarcoma-Acute Myeloid Leukemia	0.19507271541845217	0	0	TRUE	TRUE
HALLMARK_ESTROGEN_RESPONSE_LATE	Rhabdoid tumor of the kidney-Acute Myeloid Leukemia	0.1382999542586703	0	0	TRUE	TRUE
HALLMARK_ESTROGEN_RESPONSE_LATE	Wilms tumor-Acute Myeloid Leukemia	0.17964237290873025	0	0	TRUE	TRUE
HALLMARK_ESTROGEN_RESPONSE_LATE	Rhabdoid tumor of the kidney-Osteosarcoma	-0.05677276115978189	0.09393781596865391	1	FALSE	FALSE
HALLMARK_ESTROGEN_RESPONSE_LATE	Wilms tumor-Osteosarcoma	-0.015430342509721945	0.9292047935849852	1	FALSE	FALSE
HALLMARK_ESTROGEN_RESPONSE_LATE	Wilms tumor-Rhabdoid tumor of the kidney	0.04134241865005994	0.28906847437135585	1	FALSE	FALSE
HALLMARK_FATTY_ACID_METABOLISM	Acute Myeloid Leukemia-Acute Lymphoblastic Leukemia	0.21640204119547077	0	0	TRUE	TRUE
HALLMARK_FATTY_ACID_METABOLISM	Osteosarcoma-Acute Lymphoblastic Leukemia	0.5790214647762009	0	0	TRUE	TRUE
HALLMARK_FATTY_ACID_METABOLISM	Rhabdoid tumor of the kidney-Acute Lymphoblastic Leukemia	0.5579539390734838	0	0	TRUE	TRUE
HALLMARK_FATTY_ACID_METABOLISM	Wilms tumor-Acute Lymphoblastic Leukemia	0.4780431510301342	0	0	TRUE	TRUE
HALLMARK_FATTY_ACID_METABOLISM	Osteosarcoma-Acute Myeloid Leukemia	0.36261942358073007	0	0	TRUE	TRUE
HALLMARK_FATTY_ACID_METABOLISM	Rhabdoid tumor of the kidney-Acute Myeloid Leukemia	0.341551897878013	0	0	TRUE	TRUE
HALLMARK_FATTY_ACID_METABOLISM	Wilms tumor-Acute Myeloid Leukemia	0.2616411098346634	0	0	TRUE	TRUE
HALLMARK_FATTY_ACID_METABOLISM	Rhabdoid tumor of the kidney-Osteosarcoma	-0.021067525702717083	0.9491751829616313	1	FALSE	FALSE
HALLMARK_FATTY_ACID_METABOLISM	Wilms tumor-Osteosarcoma	-0.10097831374606667	3.313561296987011e-4	0.016567806484935055	TRUE	FALSE
HALLMARK_FATTY_ACID_METABOLISM	Wilms tumor-Rhabdoid tumor of the kidney	-0.07991078804334958	0.023888906309873725	1	FALSE	FALSE
HALLMARK_G2M_CHECKPOINT	Acute Myeloid Leukemia-Acute Lymphoblastic Leukemia	-0.22544616967813985	0	0	TRUE	TRUE
HALLMARK_G2M_CHECKPOINT	Osteosarcoma-Acute Lymphoblastic Leukemia	0.08457244033552012	0.15656365160667884	1	FALSE	FALSE
HALLMARK_G2M_CHECKPOINT	Rhabdoid tumor of the kidney-Acute Lymphoblastic Leukemia	0.09056915708851349	0.19693930147322392	1	FALSE	FALSE
HALLMARK_G2M_CHECKPOINT	Wilms tumor-Acute Lymphoblastic Leukemia	0.3661787628808903	0	0	TRUE	TRUE
HALLMARK_G2M_CHECKPOINT	Osteosarcoma-Acute Myeloid Leukemia	0.31001861001366	0	0	TRUE	TRUE
HALLMARK_G2M_CHECKPOINT	Rhabdoid tumor of the kidney-Acute Myeloid Leukemia	0.31601532676665334	0	0	TRUE	TRUE
HALLMARK_G2M_CHECKPOINT	Wilms tumor-Acute Myeloid Leukemia	0.5916249325590301	0	0	TRUE	TRUE
HALLMARK_G2M_CHECKPOINT	Rhabdoid tumor of the kidney-Osteosarcoma	0.005996716752993361	0.9999506556924223	1	FALSE	FALSE
HALLMARK_G2M_CHECKPOINT	Wilms tumor-Osteosarcoma	0.28160632254537016	0	0	TRUE	TRUE
HALLMARK_G2M_CHECKPOINT	Wilms tumor-Rhabdoid tumor of the kidney	0.2756096057923768	2.100634510782129e-8	1.0503172553910645e-6	TRUE	TRUE
HALLMARK_GLYCOLYSIS	Acute Myeloid Leukemia-Acute Lymphoblastic Leukemia	0.10614295537978569	0	0	TRUE	TRUE
HALLMARK_GLYCOLYSIS	Osteosarcoma-Acute Lymphoblastic Leukemia	0.6835538933293721	0	0	TRUE	TRUE
HALLMARK_GLYCOLYSIS	Rhabdoid tumor of the kidney-Acute Lymphoblastic Leukemia	0.6248758625832194	0	0	TRUE	TRUE
HALLMARK_GLYCOLYSIS	Wilms tumor-Acute Lymphoblastic Leukemia	0.6228168703825985	0	0	TRUE	TRUE
HALLMARK_GLYCOLYSIS	Osteosarcoma-Acute Myeloid Leukemia	0.5774109379495864	0	0	TRUE	TRUE
HALLMARK_GLYCOLYSIS	Rhabdoid tumor of the kidney-Acute Myeloid Leukemia	0.5187329072034337	0	0	TRUE	TRUE
HALLMARK_GLYCOLYSIS	Wilms tumor-Acute Myeloid Leukemia	0.5166739150028128	0	0	TRUE	TRUE
HALLMARK_GLYCOLYSIS	Rhabdoid tumor of the kidney-Osteosarcoma	-0.05867803074615263	0.03985304893372299	1	FALSE	FALSE
HALLMARK_GLYCOLYSIS	Wilms tumor-Osteosarcoma	-0.06073702294677358	0.005056570500056812	0.2528285250028406	TRUE	FALSE
HALLMARK_GLYCOLYSIS	Wilms tumor-Rhabdoid tumor of the kidney	-0.002058992200620946	0.9999708459239709	1	FALSE	FALSE
HALLMARK_HEDGEHOG_SIGNALING	Acute Myeloid Leukemia-Acute Lymphoblastic Leukemia	-0.16206192760767824	0	0	TRUE	TRUE
HALLMARK_HEDGEHOG_SIGNALING	Osteosarcoma-Acute Lymphoblastic Leukemia	0.2924325375972291	0	0	TRUE	TRUE
HALLMARK_HEDGEHOG_SIGNALING	Rhabdoid tumor of the kidney-Acute Lymphoblastic Leukemia	0.22182425452247037	0	0	TRUE	TRUE
HALLMARK_HEDGEHOG_SIGNALING	Wilms tumor-Acute Lymphoblastic Leukemia	0.4787634250859622	0	0	TRUE	TRUE
HALLMARK_HEDGEHOG_SIGNALING	Osteosarcoma-Acute Myeloid Leukemia	0.4544944652049073	0	0	TRUE	TRUE
HALLMARK_HEDGEHOG_SIGNALING	Rhabdoid tumor of the kidney-Acute Myeloid Leukemia	0.3838861821301486	0	0	TRUE	TRUE
HALLMARK_HEDGEHOG_SIGNALING	Wilms tumor-Acute Myeloid Leukemia	0.6408253526936405	0	0	TRUE	TRUE
HALLMARK_HEDGEHOG_SIGNALING	Rhabdoid tumor of the kidney-Osteosarcoma	-0.07060828307475872	0.049010402407527964	1	FALSE	FALSE
HALLMARK_HEDGEHOG_SIGNALING	Wilms tumor-Osteosarcoma	0.1863308874887331	0	0	TRUE	TRUE
HALLMARK_HEDGEHOG_SIGNALING	Wilms tumor-Rhabdoid tumor of the kidney	0.2569391705634918	0	0	TRUE	TRUE
HALLMARK_HEME_METABOLISM	Acute Myeloid Leukemia-Acute Lymphoblastic Leukemia	-0.0367795293540887	0.5335997917908154	1	FALSE	FALSE
HALLMARK_HEME_METABOLISM	Osteosarcoma-Acute Lymphoblastic Leukemia	-0.25871824066718074	0	0	TRUE	TRUE
HALLMARK_HEME_METABOLISM	Rhabdoid tumor of the kidney-Acute Lymphoblastic Leukemia	-0.4468927917650444	0	0	TRUE	TRUE
HALLMARK_HEME_METABOLISM	Wilms tumor-Acute Lymphoblastic Leukemia	-0.32819669354009834	0	0	TRUE	TRUE
HALLMARK_HEME_METABOLISM	Osteosarcoma-Acute Myeloid Leukemia	-0.221938711313092	0	0	TRUE	TRUE
HALLMARK_HEME_METABOLISM	Rhabdoid tumor of the kidney-Acute Myeloid Leukemia	-0.4101132624109557	0	0	TRUE	TRUE
HALLMARK_HEME_METABOLISM	Wilms tumor-Acute Myeloid Leukemia	-0.29141716418600966	0	0	TRUE	TRUE
HALLMARK_HEME_METABOLISM	Rhabdoid tumor of the kidney-Osteosarcoma	-0.18817455109786366	9.365211011869157e-5	0.004682605505934578	TRUE	TRUE
HALLMARK_HEME_METABOLISM	Wilms tumor-Osteosarcoma	-0.06947845287291762	0.2886148914170079	1	FALSE	FALSE
HALLMARK_HEME_METABOLISM	Wilms tumor-Rhabdoid tumor of the kidney	0.11869609822494603	0.021143866029388003	1	FALSE	FALSE
HALLMARK_HYPOXIA	Acute Myeloid Leukemia-Acute Lymphoblastic Leukemia	0.133160218544898	0	0	TRUE	TRUE
HALLMARK_HYPOXIA	Osteosarcoma-Acute Lymphoblastic Leukemia	0.32824078250893135	0	0	TRUE	TRUE
HALLMARK_HYPOXIA	Rhabdoid tumor of the kidney-Acute Lymphoblastic Leukemia	0.0735880181774846	0.006121156212752554	0.3060578106376277	TRUE	FALSE
HALLMARK_HYPOXIA	Wilms tumor-Acute Lymphoblastic Leukemia	0.011793849380110993	0.954660771324686	1	FALSE	FALSE
HALLMARK_HYPOXIA	Osteosarcoma-Acute Myeloid Leukemia	0.19508056396403334	0	0	TRUE	TRUE
HALLMARK_HYPOXIA	Rhabdoid tumor of the kidney-Acute Myeloid Leukemia	-0.05957220036741341	0.05189772040569918	1	FALSE	FALSE
HALLMARK_HYPOXIA	Wilms tumor-Acute Myeloid Leukemia	-0.12136636916478702	0	0	TRUE	TRUE
HALLMARK_HYPOXIA	Rhabdoid tumor of the kidney-Osteosarcoma	-0.25465276433144673	0	0	TRUE	TRUE
HALLMARK_HYPOXIA	Wilms tumor-Osteosarcoma	-0.31644693312882033	0	0	TRUE	TRUE
HALLMARK_HYPOXIA	Wilms tumor-Rhabdoid tumor of the kidney	-0.06179416879737361	0.06621298552515875	1	FALSE	FALSE
HALLMARK_IL2_STAT5_SIGNALING	Acute Myeloid Leukemia-Acute Lymphoblastic Leukemia	0.10290821417907858	0	0	TRUE	TRUE
HALLMARK_IL2_STAT5_SIGNALING	Osteosarcoma-Acute Lymphoblastic Leukemia	0.04503234513988483	0.1327142899529119	1	FALSE	FALSE
HALLMARK_IL2_STAT5_SIGNALING	Rhabdoid tumor of the kidney-Acute Lymphoblastic Leukemia	-0.13861886420002914	0	0	TRUE	TRUE
HALLMARK_IL2_STAT5_SIGNALING	Wilms tumor-Acute Lymphoblastic Leukemia	-0.29595432705263774	0	0	TRUE	TRUE
HALLMARK_IL2_STAT5_SIGNALING	Osteosarcoma-Acute Myeloid Leukemia	-0.057875869039193756	0.026669259923792765	1	FALSE	FALSE
HALLMARK_IL2_STAT5_SIGNALING	Rhabdoid tumor of the kidney-Acute Myeloid Leukemia	-0.24152707837910775	0	0	TRUE	TRUE
HALLMARK_IL2_STAT5_SIGNALING	Wilms tumor-Acute Myeloid Leukemia	-0.39886254123171633	0	0	TRUE	TRUE
HALLMARK_IL2_STAT5_SIGNALING	Rhabdoid tumor of the kidney-Osteosarcoma	-0.18365120933991397	0	0	TRUE	TRUE
HALLMARK_IL2_STAT5_SIGNALING	Wilms tumor-Osteosarcoma	-0.34098667219252254	0	0	TRUE	TRUE
HALLMARK_IL2_STAT5_SIGNALING	Wilms tumor-Rhabdoid tumor of the kidney	-0.15733546285260858	0	0	TRUE	TRUE
HALLMARK_IL6_JAK_STAT3_SIGNALING	Acute Myeloid Leukemia-Acute Lymphoblastic Leukemia	0.3322003386177364	0	0	TRUE	TRUE
HALLMARK_IL6_JAK_STAT3_SIGNALING	Osteosarcoma-Acute Lymphoblastic Leukemia	0.10669372226907153	1.4454114530026985e-4	0.007227057265013492	TRUE	TRUE
HALLMARK_IL6_JAK_STAT3_SIGNALING	Rhabdoid tumor of the kidney-Acute Lymphoblastic Leukemia	-0.14666489328750015	1.3227733102194605e-6	6.613866551097303e-5	TRUE	TRUE
HALLMARK_IL6_JAK_STAT3_SIGNALING	Wilms tumor-Acute Lymphoblastic Leukemia	-0.4030520429489303	0	0	TRUE	TRUE
HALLMARK_IL6_JAK_STAT3_SIGNALING	Osteosarcoma-Acute Myeloid Leukemia	-0.2255066163486649	0	0	TRUE	TRUE
HALLMARK_IL6_JAK_STAT3_SIGNALING	Rhabdoid tumor of the kidney-Acute Myeloid Leukemia	-0.47886523190523655	0	0	TRUE	TRUE
HALLMARK_IL6_JAK_STAT3_SIGNALING	Wilms tumor-Acute Myeloid Leukemia	-0.7352523815666667	0	0	TRUE	TRUE
HALLMARK_IL6_JAK_STAT3_SIGNALING	Rhabdoid tumor of the kidney-Osteosarcoma	-0.2533586155565717	0	0	TRUE	TRUE
HALLMARK_IL6_JAK_STAT3_SIGNALING	Wilms tumor-Osteosarcoma	-0.5097457652180019	0	0	TRUE	TRUE
HALLMARK_IL6_JAK_STAT3_SIGNALING	Wilms tumor-Rhabdoid tumor of the kidney	-0.25638714966143017	0	0	TRUE	TRUE
HALLMARK_INFLAMMATORY_RESPONSE	Acute Myeloid Leukemia-Acute Lymphoblastic Leukemia	0.3260174311066923	0	0	TRUE	TRUE
HALLMARK_INFLAMMATORY_RESPONSE	Osteosarcoma-Acute Lymphoblastic Leukemia	0.04972050490323607	0.3064185188606241	1	FALSE	FALSE
HALLMARK_INFLAMMATORY_RESPONSE	Rhabdoid tumor of the kidney-Acute Lymphoblastic Leukemia	-0.1496617699174821	3.46067215628576e-6	1.73033607814288e-4	TRUE	TRUE
HALLMARK_INFLAMMATORY_RESPONSE	Wilms tumor-Acute Lymphoblastic Leukemia	-0.43015528184984403	0	0	TRUE	TRUE
HALLMARK_INFLAMMATORY_RESPONSE	Osteosarcoma-Acute Myeloid Leukemia	-0.27629692620345625	0	0	TRUE	TRUE
HALLMARK_INFLAMMATORY_RESPONSE	Rhabdoid tumor of the kidney-Acute Myeloid Leukemia	-0.4756792010241744	0	0	TRUE	TRUE
HALLMARK_INFLAMMATORY_RESPONSE	Wilms tumor-Acute Myeloid Leukemia	-0.7561727129565363	0	0	TRUE	TRUE
HALLMARK_INFLAMMATORY_RESPONSE	Rhabdoid tumor of the kidney-Osteosarcoma	-0.19938227482071816	7.78243538501755e-8	3.891217692508775e-6	TRUE	TRUE
HALLMARK_INFLAMMATORY_RESPONSE	Wilms tumor-Osteosarcoma	-0.47987578675308007	0	0	TRUE	TRUE
HALLMARK_INFLAMMATORY_RESPONSE	Wilms tumor-Rhabdoid tumor of the kidney	-0.28049351193236194	0	0	TRUE	TRUE
HALLMARK_INTERFERON_ALPHA_RESPONSE	Acute Myeloid Leukemia-Acute Lymphoblastic Leukemia	0.0528517276286873	0.30464782268823587	1	FALSE	FALSE
HALLMARK_INTERFERON_ALPHA_RESPONSE	Osteosarcoma-Acute Lymphoblastic Leukemia	-0.030675324767651765	0.9202379021863983	1	FALSE	FALSE
HALLMARK_INTERFERON_ALPHA_RESPONSE	Rhabdoid tumor of the kidney-Acute Lymphoblastic Leukemia	-0.3336400994750533	0	0	TRUE	TRUE
HALLMARK_INTERFERON_ALPHA_RESPONSE	Wilms tumor-Acute Lymphoblastic Leukemia	-0.6363951856745874	0	0	TRUE	TRUE
HALLMARK_INTERFERON_ALPHA_RESPONSE	Osteosarcoma-Acute Myeloid Leukemia	-0.08352705239633906	0.1708544217533261	1	FALSE	FALSE
HALLMARK_INTERFERON_ALPHA_RESPONSE	Rhabdoid tumor of the kidney-Acute Myeloid Leukemia	-0.38649182710374064	0	0	TRUE	TRUE
HALLMARK_INTERFERON_ALPHA_RESPONSE	Wilms tumor-Acute Myeloid Leukemia	-0.6892469133032748	0	0	TRUE	TRUE
HALLMARK_INTERFERON_ALPHA_RESPONSE	Rhabdoid tumor of the kidney-Osteosarcoma	-0.3029647747074016	2.9359470410383892e-9	1.4679735205191946e-7	TRUE	TRUE
HALLMARK_INTERFERON_ALPHA_RESPONSE	Wilms tumor-Osteosarcoma	-0.6057198609069356	0	0	TRUE	TRUE
HALLMARK_INTERFERON_ALPHA_RESPONSE	Wilms tumor-Rhabdoid tumor of the kidney	-0.3027550861995342	0	0	TRUE	TRUE
HALLMARK_INTERFERON_GAMMA_RESPONSE	Acute Myeloid Leukemia-Acute Lymphoblastic Leukemia	0.11725822673147894	1.1342605321651433e-6	5.6713026608257167e-5	TRUE	TRUE
HALLMARK_INTERFERON_GAMMA_RESPONSE	Osteosarcoma-Acute Lymphoblastic Leukemia	-0.16232042917081718	4.4417315958611425e-7	2.2208657979305713e-5	TRUE	TRUE
HALLMARK_INTERFERON_GAMMA_RESPONSE	Rhabdoid tumor of the kidney-Acute Lymphoblastic Leukemia	-0.34572209661006703	0	0	TRUE	TRUE
HALLMARK_INTERFERON_GAMMA_RESPONSE	Wilms tumor-Acute Lymphoblastic Leukemia	-0.6473326782201707	0	0	TRUE	TRUE
HALLMARK_INTERFERON_GAMMA_RESPONSE	Osteosarcoma-Acute Myeloid Leukemia	-0.27957865590229614	0	0	TRUE	TRUE
HALLMARK_INTERFERON_GAMMA_RESPONSE	Rhabdoid tumor of the kidney-Acute Myeloid Leukemia	-0.46298032334154593	0	0	TRUE	TRUE
HALLMARK_INTERFERON_GAMMA_RESPONSE	Wilms tumor-Acute Myeloid Leukemia	-0.7645909049516496	0	0	TRUE	TRUE
HALLMARK_INTERFERON_GAMMA_RESPONSE	Rhabdoid tumor of the kidney-Osteosarcoma	-0.18340166743924985	2.7377884247337114e-5	0.0013688942123668557	TRUE	TRUE
HALLMARK_INTERFERON_GAMMA_RESPONSE	Wilms tumor-Osteosarcoma	-0.48501224904935347	0	0	TRUE	TRUE
HALLMARK_INTERFERON_GAMMA_RESPONSE	Wilms tumor-Rhabdoid tumor of the kidney	-0.3016105816101037	0	0	TRUE	TRUE
HALLMARK_KRAS_SIGNALING_DN	Acute Myeloid Leukemia-Acute Lymphoblastic Leukemia	-0.07394011299549907	2.064217763386722e-8	1.032108881693361e-6	TRUE	TRUE
HALLMARK_KRAS_SIGNALING_DN	Osteosarcoma-Acute Lymphoblastic Leukemia	-0.05148710184059566	0.015520980130982354	0.7760490065491177	FALSE	FALSE
HALLMARK_KRAS_SIGNALING_DN	Rhabdoid tumor of the kidney-Acute Lymphoblastic Leukemia	0.07826295382082887	2.5463393891067554e-4	0.012731696945533777	TRUE	FALSE
HALLMARK_KRAS_SIGNALING_DN	Wilms tumor-Acute Lymphoblastic Leukemia	0.09578266860114476	0	0	TRUE	TRUE
HALLMARK_KRAS_SIGNALING_DN	Osteosarcoma-Acute Myeloid Leukemia	0.022453011154903404	0.6661723692390341	1	FALSE	FALSE
HALLMARK_KRAS_SIGNALING_DN	Rhabdoid tumor of the kidney-Acute Myeloid Leukemia	0.15220306681632795	0	0	TRUE	TRUE
HALLMARK_KRAS_SIGNALING_DN	Wilms tumor-Acute Myeloid Leukemia	0.16972278159664383	0	0	TRUE	TRUE
HALLMARK_KRAS_SIGNALING_DN	Rhabdoid tumor of the kidney-Osteosarcoma	0.12975005566142456	3.2138137484594154e-8	1.6069068742297077e-6	TRUE	TRUE
HALLMARK_KRAS_SIGNALING_DN	Wilms tumor-Osteosarcoma	0.14726977044174044	0	0	TRUE	TRUE
HALLMARK_KRAS_SIGNALING_DN	Wilms tumor-Rhabdoid tumor of the kidney	0.017519714780315887	0.9082000204363389	1	FALSE	FALSE
HALLMARK_KRAS_SIGNALING_UP	Acute Myeloid Leukemia-Acute Lymphoblastic Leukemia	0.11433824966651282	0	0	TRUE	TRUE
HALLMARK_KRAS_SIGNALING_UP	Osteosarcoma-Acute Lymphoblastic Leukemia	0.11587345320811834	7.465391316241465e-8	3.7326956581207327e-6	TRUE	TRUE
HALLMARK_KRAS_SIGNALING_UP	Rhabdoid tumor of the kidney-Acute Lymphoblastic Leukemia	0.007086774633486614	0.9978066879160046	1	FALSE	FALSE
HALLMARK_KRAS_SIGNALING_UP	Wilms tumor-Acute Lymphoblastic Leukemia	-0.01848617159262586	0.821128273698722	1	FALSE	FALSE
HALLMARK_KRAS_SIGNALING_UP	Osteosarcoma-Acute Myeloid Leukemia	0.001535203541605537	0.9999924879586426	1	FALSE	FALSE
HALLMARK_KRAS_SIGNALING_UP	Rhabdoid tumor of the kidney-Acute Myeloid Leukemia	-0.1072514750330262	2.654137562529968e-5	0.001327068781264984	TRUE	TRUE
HALLMARK_KRAS_SIGNALING_UP	Wilms tumor-Acute Myeloid Leukemia	-0.13282442125913868	0	0	TRUE	TRUE
HALLMARK_KRAS_SIGNALING_UP	Rhabdoid tumor of the kidney-Osteosarcoma	-0.10878667857463173	3.6687318944217395e-4	0.018343659472108698	TRUE	FALSE
HALLMARK_KRAS_SIGNALING_UP	Wilms tumor-Osteosarcoma	-0.1343596248007442	1.3590860659107307e-8	6.795430329553653e-7	TRUE	TRUE
HALLMARK_KRAS_SIGNALING_UP	Wilms tumor-Rhabdoid tumor of the kidney	-0.025572946226112475	0.8316210940435051	1	FALSE	FALSE
HALLMARK_MITOTIC_SPINDLE	Acute Myeloid Leukemia-Acute Lymphoblastic Leukemia	-0.2939154283757408	0	0	TRUE	TRUE
HALLMARK_MITOTIC_SPINDLE	Osteosarcoma-Acute Lymphoblastic Leukemia	0.031527942962340155	0.8438080616643674	1	FALSE	FALSE
HALLMARK_MITOTIC_SPINDLE	Rhabdoid tumor of the kidney-Acute Lymphoblastic Leukemia	-0.15074911295955154	1.4724000904775547e-4	0.0073620004523877736	TRUE	TRUE
HALLMARK_MITOTIC_SPINDLE	Wilms tumor-Acute Lymphoblastic Leukemia	0.24575931735663561	0	0	TRUE	TRUE
HALLMARK_MITOTIC_SPINDLE	Osteosarcoma-Acute Myeloid Leukemia	0.325443371338081	0	0	TRUE	TRUE
HALLMARK_MITOTIC_SPINDLE	Rhabdoid tumor of the kidney-Acute Myeloid Leukemia	0.1431663154161893	4.874722872512116e-4	0.02437361436256058	TRUE	FALSE
HALLMARK_MITOTIC_SPINDLE	Wilms tumor-Acute Myeloid Leukemia	0.5396747457323765	0	0	TRUE	TRUE
HALLMARK_MITOTIC_SPINDLE	Rhabdoid tumor of the kidney-Osteosarcoma	-0.1822770559218917	8.372566287473404e-5	0.004186283143736702	TRUE	TRUE
HALLMARK_MITOTIC_SPINDLE	Wilms tumor-Osteosarcoma	0.21423137439429546	1.2647187741521293e-9	6.323593870760646e-8	TRUE	TRUE
HALLMARK_MITOTIC_SPINDLE	Wilms tumor-Rhabdoid tumor of the kidney	0.39650843031618715	0	0	TRUE	TRUE
HALLMARK_MTORC1_SIGNALING	Acute Myeloid Leukemia-Acute Lymphoblastic Leukemia	0.15885591244534975	0	0	TRUE	TRUE
HALLMARK_MTORC1_SIGNALING	Osteosarcoma-Acute Lymphoblastic Leukemia	0.45010073797072925	0	0	TRUE	TRUE
HALLMARK_MTORC1_SIGNALING	Rhabdoid tumor of the kidney-Acute Lymphoblastic Leukemia	0.3738668745358651	0	0	TRUE	TRUE
HALLMARK_MTORC1_SIGNALING	Wilms tumor-Acute Lymphoblastic Leukemia	0.2280327168548298	0	0	TRUE	TRUE
HALLMARK_MTORC1_SIGNALING	Osteosarcoma-Acute Myeloid Leukemia	0.29124482552537945	0	0	TRUE	TRUE
HALLMARK_MTORC1_SIGNALING	Rhabdoid tumor of the kidney-Acute Myeloid Leukemia	0.21501096209051532	0	0	TRUE	TRUE
HALLMARK_MTORC1_SIGNALING	Wilms tumor-Acute Myeloid Leukemia	0.06917680440948003	0.01827970822911662	0.913985411455831	FALSE	FALSE
HALLMARK_MTORC1_SIGNALING	Rhabdoid tumor of the kidney-Osteosarcoma	-0.07623386343486416	0.1507744059963818	1	FALSE	FALSE
HALLMARK_MTORC1_SIGNALING	Wilms tumor-Osteosarcoma	-0.22206802111589946	0	0	TRUE	TRUE
HALLMARK_MTORC1_SIGNALING	Wilms tumor-Rhabdoid tumor of the kidney	-0.1458341576810353	2.8469387183371886e-5	0.0014234693591685943	TRUE	TRUE
HALLMARK_MYC_TARGETS_V1	Acute Myeloid Leukemia-Acute Lymphoblastic Leukemia	0.03066036100026906	0.8157473366503216	1	FALSE	FALSE
HALLMARK_MYC_TARGETS_V1	Osteosarcoma-Acute Lymphoblastic Leukemia	0.24958346306976614	0	0	TRUE	TRUE
HALLMARK_MYC_TARGETS_V1	Rhabdoid tumor of the kidney-Acute Lymphoblastic Leukemia	0.5944811087482753	0	0	TRUE	TRUE
HALLMARK_MYC_TARGETS_V1	Wilms tumor-Acute Lymphoblastic Leukemia	0.634224577786906	0	0	TRUE	TRUE
HALLMARK_MYC_TARGETS_V1	Osteosarcoma-Acute Myeloid Leukemia	0.2189231020694971	2.165237221740668e-7	1.082618610870334e-5	TRUE	TRUE
HALLMARK_MYC_TARGETS_V1	Rhabdoid tumor of the kidney-Acute Myeloid Leukemia	0.5638207477480063	0	0	TRUE	TRUE
HALLMARK_MYC_TARGETS_V1	Wilms tumor-Acute Myeloid Leukemia	0.603564216786637	0	0	TRUE	TRUE
HALLMARK_MYC_TARGETS_V1	Rhabdoid tumor of the kidney-Osteosarcoma	0.34489764567850917	0	0	TRUE	TRUE
HALLMARK_MYC_TARGETS_V1	Wilms tumor-Osteosarcoma	0.38464111471713985	0	0	TRUE	TRUE
HALLMARK_MYC_TARGETS_V1	Wilms tumor-Rhabdoid tumor of the kidney	0.039743469038630685	0.9136677703965516	1	FALSE	FALSE
HALLMARK_MYC_TARGETS_V2	Acute Myeloid Leukemia-Acute Lymphoblastic Leukemia	-0.014690251589445813	0.9857945401551607	1	FALSE	FALSE
HALLMARK_MYC_TARGETS_V2	Osteosarcoma-Acute Lymphoblastic Leukemia	0.4063521742725724	0	0	TRUE	TRUE
HALLMARK_MYC_TARGETS_V2	Rhabdoid tumor of the kidney-Acute Lymphoblastic Leukemia	0.6373226723358522	0	0	TRUE	TRUE
HALLMARK_MYC_TARGETS_V2	Wilms tumor-Acute Lymphoblastic Leukemia	0.4933870194045766	0	0	TRUE	TRUE
HALLMARK_MYC_TARGETS_V2	Osteosarcoma-Acute Myeloid Leukemia	0.42104242586201823	0	0	TRUE	TRUE
HALLMARK_MYC_TARGETS_V2	Rhabdoid tumor of the kidney-Acute Myeloid Leukemia	0.652012923925298	0	0	TRUE	TRUE
HALLMARK_MYC_TARGETS_V2	Wilms tumor-Acute Myeloid Leukemia	0.5080772709940224	0	0	TRUE	TRUE
HALLMARK_MYC_TARGETS_V2	Rhabdoid tumor of the kidney-Osteosarcoma	0.23097049806327974	5.521138673547643e-5	0.0027605693367738215	TRUE	TRUE
HALLMARK_MYC_TARGETS_V2	Wilms tumor-Osteosarcoma	0.08703484513200416	0.24394383104699613	1	FALSE	FALSE
HALLMARK_MYC_TARGETS_V2	Wilms tumor-Rhabdoid tumor of the kidney	-0.14393565293127558	0.01860935703865574	0.9304678519327869	FALSE	FALSE
HALLMARK_MYOGENESIS	Acute Myeloid Leukemia-Acute Lymphoblastic Leukemia	-0.026218147331100172	0.19549569318747506	1	FALSE	FALSE
HALLMARK_MYOGENESIS	Osteosarcoma-Acute Lymphoblastic Leukemia	0.5510803586384289	0	0	TRUE	TRUE
HALLMARK_MYOGENESIS	Rhabdoid tumor of the kidney-Acute Lymphoblastic Leukemia	0.3354870008154003	0	0	TRUE	TRUE
HALLMARK_MYOGENESIS	Wilms tumor-Acute Lymphoblastic Leukemia	0.43827350167667384	0	0	TRUE	TRUE
HALLMARK_MYOGENESIS	Osteosarcoma-Acute Myeloid Leukemia	0.577298505969529	0	0	TRUE	TRUE
HALLMARK_MYOGENESIS	Rhabdoid tumor of the kidney-Acute Myeloid Leukemia	0.36170514814650045	0	0	TRUE	TRUE
HALLMARK_MYOGENESIS	Wilms tumor-Acute Myeloid Leukemia	0.464491649007774	0	0	TRUE	TRUE
HALLMARK_MYOGENESIS	Rhabdoid tumor of the kidney-Osteosarcoma	-0.21559335782302858	0	0	TRUE	TRUE
HALLMARK_MYOGENESIS	Wilms tumor-Osteosarcoma	-0.11280685696175502	2.3681223648708283e-9	1.1840611824354141e-7	TRUE	TRUE
HALLMARK_MYOGENESIS	Wilms tumor-Rhabdoid tumor of the kidney	0.10278650086127357	3.233969900984235e-6	1.6169849504921174e-4	TRUE	TRUE
HALLMARK_NOTCH_SIGNALING	Acute Myeloid Leukemia-Acute Lymphoblastic Leukemia	-0.1735518314345428	0	0	TRUE	TRUE
HALLMARK_NOTCH_SIGNALING	Osteosarcoma-Acute Lymphoblastic Leukemia	0.5026175232017598	0	0	TRUE	TRUE
HALLMARK_NOTCH_SIGNALING	Rhabdoid tumor of the kidney-Acute Lymphoblastic Leukemia	0.14581478346895102	0	0	TRUE	TRUE
HALLMARK_NOTCH_SIGNALING	Wilms tumor-Acute Lymphoblastic Leukemia	0.528670287075926	0	0	TRUE	TRUE
HALLMARK_NOTCH_SIGNALING	Osteosarcoma-Acute Myeloid Leukemia	0.6761693546363026	0	0	TRUE	TRUE
HALLMARK_NOTCH_SIGNALING	Rhabdoid tumor of the kidney-Acute Myeloid Leukemia	0.31936661490349383	0	0	TRUE	TRUE
HALLMARK_NOTCH_SIGNALING	Wilms tumor-Acute Myeloid Leukemia	0.7022221185104688	0	0	TRUE	TRUE
HALLMARK_NOTCH_SIGNALING	Rhabdoid tumor of the kidney-Osteosarcoma	-0.35680273973280874	0	0	TRUE	TRUE
HALLMARK_NOTCH_SIGNALING	Wilms tumor-Osteosarcoma	0.026052763874166218	0.7470142633930815	1	FALSE	FALSE
HALLMARK_NOTCH_SIGNALING	Wilms tumor-Rhabdoid tumor of the kidney	0.38285550360697496	0	0	TRUE	TRUE
HALLMARK_OXIDATIVE_PHOSPHORYLATION	Acute Myeloid Leukemia-Acute Lymphoblastic Leukemia	0.32766195789764496	0	0	TRUE	TRUE
HALLMARK_OXIDATIVE_PHOSPHORYLATION	Osteosarcoma-Acute Lymphoblastic Leukemia	0.5888758229419744	0	0	TRUE	TRUE
HALLMARK_OXIDATIVE_PHOSPHORYLATION	Rhabdoid tumor of the kidney-Acute Lymphoblastic Leukemia	0.7983529741003232	0	0	TRUE	TRUE
HALLMARK_OXIDATIVE_PHOSPHORYLATION	Wilms tumor-Acute Lymphoblastic Leukemia	0.6906534482496998	0	0	TRUE	TRUE
HALLMARK_OXIDATIVE_PHOSPHORYLATION	Osteosarcoma-Acute Myeloid Leukemia	0.2612138650443294	0	0	TRUE	TRUE
HALLMARK_OXIDATIVE_PHOSPHORYLATION	Rhabdoid tumor of the kidney-Acute Myeloid Leukemia	0.4706910162026783	0	0	TRUE	TRUE
HALLMARK_OXIDATIVE_PHOSPHORYLATION	Wilms tumor-Acute Myeloid Leukemia	0.3629914903520548	0	0	TRUE	TRUE
HALLMARK_OXIDATIVE_PHOSPHORYLATION	Rhabdoid tumor of the kidney-Osteosarcoma	0.2094771511583489	2.454853728610651e-4	0.012274268643053254	TRUE	FALSE
HALLMARK_OXIDATIVE_PHOSPHORYLATION	Wilms tumor-Osteosarcoma	0.10177762530772541	0.1039598462700917	1	FALSE	FALSE
HALLMARK_OXIDATIVE_PHOSPHORYLATION	Wilms tumor-Rhabdoid tumor of the kidney	-0.10769952585062348	0.13060223435116836	1	FALSE	FALSE
HALLMARK_P53_PATHWAY	Acute Myeloid Leukemia-Acute Lymphoblastic Leukemia	0.08313034842784828	0	0	TRUE	TRUE
HALLMARK_P53_PATHWAY	Osteosarcoma-Acute Lymphoblastic Leukemia	0.09296124566674635	5.291416804720228e-7	2.645708402360114e-5	TRUE	TRUE
HALLMARK_P53_PATHWAY	Rhabdoid tumor of the kidney-Acute Lymphoblastic Leukemia	-0.007383006005979437	0.99520846674978	1	FALSE	FALSE
HALLMARK_P53_PATHWAY	Wilms tumor-Acute Lymphoblastic Leukemia	-0.13528658783074315	0	0	TRUE	TRUE
HALLMARK_P53_PATHWAY	Osteosarcoma-Acute Myeloid Leukemia	0.009830897238898073	0.9793244745531585	1	FALSE	FALSE
HALLMARK_P53_PATHWAY	Rhabdoid tumor of the kidney-Acute Myeloid Leukemia	-0.09051335443382771	3.27870720475687e-5	0.001639353602378435	TRUE	TRUE
HALLMARK_P53_PATHWAY	Wilms tumor-Acute Myeloid Leukemia	-0.2184169362585914	0	0	TRUE	TRUE
HALLMARK_P53_PATHWAY	Rhabdoid tumor of the kidney-Osteosarcoma	-0.10034425167272579	8.216600477162217e-5	0.0041083002385811085	TRUE	TRUE
HALLMARK_P53_PATHWAY	Wilms tumor-Osteosarcoma	-0.22824783349748948	0	0	TRUE	TRUE
HALLMARK_P53_PATHWAY	Wilms tumor-Rhabdoid tumor of the kidney	-0.1279035818247637	6.302317778761335e-9	3.1511588893806675e-7	TRUE	TRUE
HALLMARK_PANCREAS_BETA_CELLS	Acute Myeloid Leukemia-Acute Lymphoblastic Leukemia	0.10229751782227538	2.1771072022946925e-7	1.0885536011473462e-5	TRUE	TRUE
HALLMARK_PANCREAS_BETA_CELLS	Osteosarcoma-Acute Lymphoblastic Leukemia	0.358875103652383	0	0	TRUE	TRUE
HALLMARK_PANCREAS_BETA_CELLS	Rhabdoid tumor of the kidney-Acute Lymphoblastic Leukemia	0.34649593279436375	0	0	TRUE	TRUE
HALLMARK_PANCREAS_BETA_CELLS	Wilms tumor-Acute Lymphoblastic Leukemia	0.2797740828123587	0	0	TRUE	TRUE
HALLMARK_PANCREAS_BETA_CELLS	Osteosarcoma-Acute Myeloid Leukemia	0.25657758583010765	0	0	TRUE	TRUE
HALLMARK_PANCREAS_BETA_CELLS	Rhabdoid tumor of the kidney-Acute Myeloid Leukemia	0.24419841497208838	0	0	TRUE	TRUE
HALLMARK_PANCREAS_BETA_CELLS	Wilms tumor-Acute Myeloid Leukemia	0.17747656499008332	0	0	TRUE	TRUE
HALLMARK_PANCREAS_BETA_CELLS	Rhabdoid tumor of the kidney-Osteosarcoma	-0.012379170858019262	0.9953027417803957	1	FALSE	FALSE
HALLMARK_PANCREAS_BETA_CELLS	Wilms tumor-Osteosarcoma	-0.07910102084002431	0.028616411808479403	1	FALSE	FALSE
HALLMARK_PANCREAS_BETA_CELLS	Wilms tumor-Rhabdoid tumor of the kidney	-0.06672184998200505	0.1652159333147023	1	FALSE	FALSE
HALLMARK_PEROXISOME	Acute Myeloid Leukemia-Acute Lymphoblastic Leukemia	0.08700834679939115	2.6105685613231344e-8	1.3052842806615672e-6	TRUE	TRUE
HALLMARK_PEROXISOME	Osteosarcoma-Acute Lymphoblastic Leukemia	0.4710999279696927	0	0	TRUE	TRUE
HALLMARK_PEROXISOME	Rhabdoid tumor of the kidney-Acute Lymphoblastic Leukemia	0.40887243605574397	0	0	TRUE	TRUE
HALLMARK_PEROXISOME	Wilms tumor-Acute Lymphoblastic Leukemia	0.38917886012045466	0	0	TRUE	TRUE
HALLMARK_PEROXISOME	Osteosarcoma-Acute Myeloid Leukemia	0.3840915811703015	0	0	TRUE	TRUE
HALLMARK_PEROXISOME	Rhabdoid tumor of the kidney-Acute Myeloid Leukemia	0.3218640892563528	0	0	TRUE	TRUE
HALLMARK_PEROXISOME	Wilms tumor-Acute Myeloid Leukemia	0.3021705133210635	0	0	TRUE	TRUE
HALLMARK_PEROXISOME	Rhabdoid tumor of the kidney-Osteosarcoma	-0.06222749191394872	0.11137993253328027	1	FALSE	FALSE
HALLMARK_PEROXISOME	Wilms tumor-Osteosarcoma	-0.08192106784923803	0.0015509403663815924	0.07754701831907962	TRUE	FALSE
HALLMARK_PEROXISOME	Wilms tumor-Rhabdoid tumor of the kidney	-0.01969357593528931	0.9227240638747829	1	FALSE	FALSE
HALLMARK_PI3K_AKT_MTOR_SIGNALING	Acute Myeloid Leukemia-Acute Lymphoblastic Leukemia	-0.08969907428159021	1.8599705946975575e-5	9.299852973487788e-4	TRUE	TRUE
HALLMARK_PI3K_AKT_MTOR_SIGNALING	Osteosarcoma-Acute Lymphoblastic Leukemia	0.028176596045819173	0.7932344215278804	1	FALSE	FALSE
HALLMARK_PI3K_AKT_MTOR_SIGNALING	Rhabdoid tumor of the kidney-Acute Lymphoblastic Leukemia	-0.20690427306357276	0	0	TRUE	TRUE
HALLMARK_PI3K_AKT_MTOR_SIGNALING	Wilms tumor-Acute Lymphoblastic Leukemia	-0.048639585031112854	0.16779583039830714	1	FALSE	FALSE
HALLMARK_PI3K_AKT_MTOR_SIGNALING	Osteosarcoma-Acute Myeloid Leukemia	0.1178756703274094	4.4453981385639274e-5	0.0022226990692819637	TRUE	TRUE
HALLMARK_PI3K_AKT_MTOR_SIGNALING	Rhabdoid tumor of the kidney-Acute Myeloid Leukemia	-0.11720519878198254	4.441304325412121e-4	0.022206521627060605	TRUE	FALSE
HALLMARK_PI3K_AKT_MTOR_SIGNALING	Wilms tumor-Acute Myeloid Leukemia	0.04105948925047736	0.35065399483952375	1	FALSE	FALSE
HALLMARK_PI3K_AKT_MTOR_SIGNALING	Rhabdoid tumor of the kidney-Osteosarcoma	-0.23508086910939194	0	0	TRUE	TRUE
HALLMARK_PI3K_AKT_MTOR_SIGNALING	Wilms tumor-Osteosarcoma	-0.07681618107693203	0.04688866432217498	1	FALSE	FALSE
HALLMARK_PI3K_AKT_MTOR_SIGNALING	Wilms tumor-Rhabdoid tumor of the kidney	0.1582646880324599	3.235120713318551e-6	1.6175603566592756e-4	TRUE	TRUE
HALLMARK_PROTEIN_SECRETION	Acute Myeloid Leukemia-Acute Lymphoblastic Leukemia	0.10614665081471561	1.1162899456351738e-5	5.581449728175869e-4	TRUE	TRUE
HALLMARK_PROTEIN_SECRETION	Osteosarcoma-Acute Lymphoblastic Leukemia	0.5861796801271434	0	0	TRUE	TRUE
HALLMARK_PROTEIN_SECRETION	Rhabdoid tumor of the kidney-Acute Lymphoblastic Leukemia	0.3749116499952193	0	0	TRUE	TRUE
HALLMARK_PROTEIN_SECRETION	Wilms tumor-Acute Lymphoblastic Leukemia	0.5840189824326032	0	0	TRUE	TRUE
HALLMARK_PROTEIN_SECRETION	Osteosarcoma-Acute Myeloid Leukemia	0.48003302931242775	0	0	TRUE	TRUE
HALLMARK_PROTEIN_SECRETION	Rhabdoid tumor of the kidney-Acute Myeloid Leukemia	0.2687649991805037	0	0	TRUE	TRUE
HALLMARK_PROTEIN_SECRETION	Wilms tumor-Acute Myeloid Leukemia	0.47787233161788767	0	0	TRUE	TRUE
HALLMARK_PROTEIN_SECRETION	Rhabdoid tumor of the kidney-Osteosarcoma	-0.21126803013192405	4.903121586519177e-7	2.4515607932595884e-5	TRUE	TRUE
HALLMARK_PROTEIN_SECRETION	Wilms tumor-Osteosarcoma	-0.002160697694540137	0.9999954356519303	1	FALSE	FALSE
HALLMARK_PROTEIN_SECRETION	Wilms tumor-Rhabdoid tumor of the kidney	0.2091073324373839	5.6538810300210685e-8	2.8269405150105342e-6	TRUE	TRUE
HALLMARK_REACTIVE_OXIGEN_SPECIES_PATHWAY	Acute Myeloid Leukemia-Acute Lymphoblastic Leukemia	0.2985685663476133	0	0	TRUE	TRUE
HALLMARK_REACTIVE_OXIGEN_SPECIES_PATHWAY	Osteosarcoma-Acute Lymphoblastic Leukemia	0.1371816472357491	7.461303430655875e-7	3.730651715327937e-5	TRUE	TRUE
HALLMARK_REACTIVE_OXIGEN_SPECIES_PATHWAY	Rhabdoid tumor of the kidney-Acute Lymphoblastic Leukemia	0.04140238806171018	0.5908971881035953	1	FALSE	FALSE
HALLMARK_REACTIVE_OXIGEN_SPECIES_PATHWAY	Wilms tumor-Acute Lymphoblastic Leukemia	-0.13642488872071068	3.2547964323725864e-9	1.6273982161862932e-7	TRUE	TRUE
HALLMARK_REACTIVE_OXIGEN_SPECIES_PATHWAY	Osteosarcoma-Acute Myeloid Leukemia	-0.16138691911186417	8.947754759347504e-10	4.473877379673752e-8	TRUE	TRUE
HALLMARK_REACTIVE_OXIGEN_SPECIES_PATHWAY	Rhabdoid tumor of the kidney-Acute Myeloid Leukemia	-0.2571661782859031	0	0	TRUE	TRUE
HALLMARK_REACTIVE_OXIGEN_SPECIES_PATHWAY	Wilms tumor-Acute Myeloid Leukemia	-0.434993455068324	0	0	TRUE	TRUE
HALLMARK_REACTIVE_OXIGEN_SPECIES_PATHWAY	Rhabdoid tumor of the kidney-Osteosarcoma	-0.09577925917403893	0.0343685394622566	1	FALSE	FALSE
HALLMARK_REACTIVE_OXIGEN_SPECIES_PATHWAY	Wilms tumor-Osteosarcoma	-0.2736065359564598	0	0	TRUE	TRUE
HALLMARK_REACTIVE_OXIGEN_SPECIES_PATHWAY	Wilms tumor-Rhabdoid tumor of the kidney	-0.17782727678242086	1.2998947673814598e-7	6.499473836907299e-6	TRUE	TRUE
HALLMARK_SPERMATOGENESIS	Acute Myeloid Leukemia-Acute Lymphoblastic Leukemia	0.04228896724399257	0.0010292011078394392	0.05146005539197196	TRUE	FALSE
HALLMARK_SPERMATOGENESIS	Osteosarcoma-Acute Lymphoblastic Leukemia	0.029783998331448763	0.2463718448394654	1	FALSE	FALSE
HALLMARK_SPERMATOGENESIS	Rhabdoid tumor of the kidney-Acute Lymphoblastic Leukemia	0.1960325937817285	0	0	TRUE	TRUE
HALLMARK_SPERMATOGENESIS	Wilms tumor-Acute Lymphoblastic Leukemia	0.28753961875699086	0	0	TRUE	TRUE
HALLMARK_SPERMATOGENESIS	Osteosarcoma-Acute Myeloid Leukemia	-0.01250496891254381	0.9173982635042228	1	FALSE	FALSE
HALLMARK_SPERMATOGENESIS	Rhabdoid tumor of the kidney-Acute Myeloid Leukemia	0.15374362653773593	0	0	TRUE	TRUE
HALLMARK_SPERMATOGENESIS	Wilms tumor-Acute Myeloid Leukemia	0.2452506515129983	0	0	TRUE	TRUE
HALLMARK_SPERMATOGENESIS	Rhabdoid tumor of the kidney-Osteosarcoma	0.16624859545027973	0	0	TRUE	TRUE
HALLMARK_SPERMATOGENESIS	Wilms tumor-Osteosarcoma	0.2577556204255421	0	0	TRUE	TRUE
HALLMARK_SPERMATOGENESIS	Wilms tumor-Rhabdoid tumor of the kidney	0.09150702497526236	3.8544405626117495e-6	1.9272202813058747e-4	TRUE	TRUE
HALLMARK_TGF_BETA_SIGNALING	Acute Myeloid Leukemia-Acute Lymphoblastic Leukemia	-0.24448894613806602	0	0	TRUE	TRUE
HALLMARK_TGF_BETA_SIGNALING	Osteosarcoma-Acute Lymphoblastic Leukemia	0.09289015930759134	0.004279940506813462	0.2139970253406731	TRUE	FALSE
HALLMARK_TGF_BETA_SIGNALING	Rhabdoid tumor of the kidney-Acute Lymphoblastic Leukemia	-0.28319382300450213	0	0	TRUE	TRUE
HALLMARK_TGF_BETA_SIGNALING	Wilms tumor-Acute Lymphoblastic Leukemia	0.04753277229489475	0.23477189476169735	1	FALSE	FALSE
HALLMARK_TGF_BETA_SIGNALING	Osteosarcoma-Acute Myeloid Leukemia	0.33737910544565736	0	0	TRUE	TRUE
HALLMARK_TGF_BETA_SIGNALING	Rhabdoid tumor of the kidney-Acute Myeloid Leukemia	-0.038704876866436144	0.7027296050373689	1	FALSE	FALSE
HALLMARK_TGF_BETA_SIGNALING	Wilms tumor-Acute Myeloid Leukemia	0.29202171843296076	0	0	TRUE	TRUE
HALLMARK_TGF_BETA_SIGNALING	Rhabdoid tumor of the kidney-Osteosarcoma	-0.3760839823120935	0	0	TRUE	TRUE
HALLMARK_TGF_BETA_SIGNALING	Wilms tumor-Osteosarcoma	-0.04535738701269659	0.5352712092506493	1	FALSE	FALSE
HALLMARK_TGF_BETA_SIGNALING	Wilms tumor-Rhabdoid tumor of the kidney	0.3307265952993969	0	0	TRUE	TRUE
HALLMARK_TNFA_SIGNALING_VIA_NFKB	Acute Myeloid Leukemia-Acute Lymphoblastic Leukemia	0.2987015514609519	0	0	TRUE	TRUE
HALLMARK_TNFA_SIGNALING_VIA_NFKB	Osteosarcoma-Acute Lymphoblastic Leukemia	-0.2521283272764383	0	0	TRUE	TRUE
HALLMARK_TNFA_SIGNALING_VIA_NFKB	Rhabdoid tumor of the kidney-Acute Lymphoblastic Leukemia	-0.4256475027608197	0	0	TRUE	TRUE
HALLMARK_TNFA_SIGNALING_VIA_NFKB	Wilms tumor-Acute Lymphoblastic Leukemia	-0.6095788910374152	0	0	TRUE	TRUE
HALLMARK_TNFA_SIGNALING_VIA_NFKB	Osteosarcoma-Acute Myeloid Leukemia	-0.5508298787373902	0	0	TRUE	TRUE
HALLMARK_TNFA_SIGNALING_VIA_NFKB	Rhabdoid tumor of the kidney-Acute Myeloid Leukemia	-0.7243490542217716	0	0	TRUE	TRUE
HALLMARK_TNFA_SIGNALING_VIA_NFKB	Wilms tumor-Acute Myeloid Leukemia	-0.908280442498367	0	0	TRUE	TRUE
HALLMARK_TNFA_SIGNALING_VIA_NFKB	Rhabdoid tumor of the kidney-Osteosarcoma	-0.1735191754843814	2.6898752460868813e-4	0.013449376230434407	TRUE	FALSE
HALLMARK_TNFA_SIGNALING_VIA_NFKB	Wilms tumor-Osteosarcoma	-0.3574505637609769	0	0	TRUE	TRUE
HALLMARK_TNFA_SIGNALING_VIA_NFKB	Wilms tumor-Rhabdoid tumor of the kidney	-0.1839313882765955	1.7151329783304803e-5	8.575664891652401e-4	TRUE	TRUE
HALLMARK_UNFOLDED_PROTEIN_RESPONSE	Acute Myeloid Leukemia-Acute Lymphoblastic Leukemia	0.0179530643110411	0.8890202666582901	1	FALSE	FALSE
HALLMARK_UNFOLDED_PROTEIN_RESPONSE	Osteosarcoma-Acute Lymphoblastic Leukemia	0.47602473077184493	0	0	TRUE	TRUE
HALLMARK_UNFOLDED_PROTEIN_RESPONSE	Rhabdoid tumor of the kidney-Acute Lymphoblastic Leukemia	0.4086182920391088	0	0	TRUE	TRUE
HALLMARK_UNFOLDED_PROTEIN_RESPONSE	Wilms tumor-Acute Lymphoblastic Leukemia	0.3713163505630776	0	0	TRUE	TRUE
HALLMARK_UNFOLDED_PROTEIN_RESPONSE	Osteosarcoma-Acute Myeloid Leukemia	0.45807166646080383	0	0	TRUE	TRUE
HALLMARK_UNFOLDED_PROTEIN_RESPONSE	Rhabdoid tumor of the kidney-Acute Myeloid Leukemia	0.3906652277280678	0	0	TRUE	TRUE
HALLMARK_UNFOLDED_PROTEIN_RESPONSE	Wilms tumor-Acute Myeloid Leukemia	0.3533632862520365	0	0	TRUE	TRUE
HALLMARK_UNFOLDED_PROTEIN_RESPONSE	Rhabdoid tumor of the kidney-Osteosarcoma	-0.06740643873273608	0.2924509719202739	1	FALSE	FALSE
HALLMARK_UNFOLDED_PROTEIN_RESPONSE	Wilms tumor-Osteosarcoma	-0.10470838020876733	0.003128226980689597	0.15641134903447984	TRUE	FALSE
HALLMARK_UNFOLDED_PROTEIN_RESPONSE	Wilms tumor-Rhabdoid tumor of the kidney	-0.03730194147603125	0.7724034923041239	1	FALSE	FALSE
HALLMARK_UV_RESPONSE_DN	Acute Myeloid Leukemia-Acute Lymphoblastic Leukemia	-0.010577069953971757	0.9022159784037883	1	FALSE	FALSE
HALLMARK_UV_RESPONSE_DN	Osteosarcoma-Acute Lymphoblastic Leukemia	0.43727145076003787	0	0	TRUE	TRUE
HALLMARK_UV_RESPONSE_DN	Rhabdoid tumor of the kidney-Acute Lymphoblastic Leukemia	0.17921843282897737	0	0	TRUE	TRUE
HALLMARK_UV_RESPONSE_DN	Wilms tumor-Acute Lymphoblastic Leukemia	0.41123453231682894	0	0	TRUE	TRUE
HALLMARK_UV_RESPONSE_DN	Osteosarcoma-Acute Myeloid Leukemia	0.4478485207140096	0	0	TRUE	TRUE
HALLMARK_UV_RESPONSE_DN	Rhabdoid tumor of the kidney-Acute Myeloid Leukemia	0.18979550278294913	0	0	TRUE	TRUE
HALLMARK_UV_RESPONSE_DN	Wilms tumor-Acute Myeloid Leukemia	0.4218116022708007	0	0	TRUE	TRUE
HALLMARK_UV_RESPONSE_DN	Rhabdoid tumor of the kidney-Osteosarcoma	-0.2580530179310605	0	0	TRUE	TRUE
HALLMARK_UV_RESPONSE_DN	Wilms tumor-Osteosarcoma	-0.026036918443208934	0.587811250758057	1	FALSE	FALSE
HALLMARK_UV_RESPONSE_DN	Wilms tumor-Rhabdoid tumor of the kidney	0.23201609948785157	0	0	TRUE	TRUE
HALLMARK_UV_RESPONSE_UP	Acute Myeloid Leukemia-Acute Lymphoblastic Leukemia	0.1031458325596585	0	0	TRUE	TRUE
HALLMARK_UV_RESPONSE_UP	Osteosarcoma-Acute Lymphoblastic Leukemia	0.297580558099165	0	0	TRUE	TRUE
HALLMARK_UV_RESPONSE_UP	Rhabdoid tumor of the kidney-Acute Lymphoblastic Leukemia	0.13008037630459401	0	0	TRUE	TRUE
HALLMARK_UV_RESPONSE_UP	Wilms tumor-Acute Lymphoblastic Leukemia	0.09580476736178209	8.248845384528636e-9	4.124422692264318e-7	TRUE	TRUE
HALLMARK_UV_RESPONSE_UP	Osteosarcoma-Acute Myeloid Leukemia	0.1944347255395065	0	0	TRUE	TRUE
HALLMARK_UV_RESPONSE_UP	Rhabdoid tumor of the kidney-Acute Myeloid Leukemia	0.026934543744935514	0.6830864015592372	1	FALSE	FALSE
HALLMARK_UV_RESPONSE_UP	Wilms tumor-Acute Myeloid Leukemia	-0.007341065197876417	0.990855436927073	1	FALSE	FALSE
HALLMARK_UV_RESPONSE_UP	Rhabdoid tumor of the kidney-Osteosarcoma	-0.167500181794571	0	0	TRUE	TRUE
HALLMARK_UV_RESPONSE_UP	Wilms tumor-Osteosarcoma	-0.20177579073738292	0	0	TRUE	TRUE
HALLMARK_UV_RESPONSE_UP	Wilms tumor-Rhabdoid tumor of the kidney	-0.03427560894281193	0.5258395781718561	1	FALSE	FALSE
HALLMARK_WNT_BETA_CATENIN_SIGNALING	Acute Myeloid Leukemia-Acute Lymphoblastic Leukemia	-0.3551184702767227	0	0	TRUE	TRUE
HALLMARK_WNT_BETA_CATENIN_SIGNALING	Osteosarcoma-Acute Lymphoblastic Leukemia	0.23689173916323392	0	0	TRUE	TRUE
HALLMARK_WNT_BETA_CATENIN_SIGNALING	Rhabdoid tumor of the kidney-Acute Lymphoblastic Leukemia	-0.10009292257806941	0.001266673690863085	0.063333684543154245	TRUE	FALSE
HALLMARK_WNT_BETA_CATENIN_SIGNALING	Wilms tumor-Acute Lymphoblastic Leukemia	0.2830209770402474	0	0	TRUE	TRUE
HALLMARK_WNT_BETA_CATENIN_SIGNALING	Osteosarcoma-Acute Myeloid Leukemia	0.5920102094399566	0	0	TRUE	TRUE
HALLMARK_WNT_BETA_CATENIN_SIGNALING	Rhabdoid tumor of the kidney-Acute Myeloid Leukemia	0.2550255476986533	0	0	TRUE	TRUE
HALLMARK_WNT_BETA_CATENIN_SIGNALING	Wilms tumor-Acute Myeloid Leukemia	0.6381394473169701	0	0	TRUE	TRUE
HALLMARK_WNT_BETA_CATENIN_SIGNALING	Rhabdoid tumor of the kidney-Osteosarcoma	-0.3369846617413033	0	0	TRUE	TRUE
HALLMARK_WNT_BETA_CATENIN_SIGNALING	Wilms tumor-Osteosarcoma	0.04612923787701348	0.3803525128526404	1	FALSE	FALSE
HALLMARK_WNT_BETA_CATENIN_SIGNALING	Wilms tumor-Rhabdoid tumor of the kidney	0.3831138996183168	0	0	TRUE	TRUE
HALLMARK_XENOBIOTIC_METABOLISM	Acute Myeloid Leukemia-Acute Lymphoblastic Leukemia	0.21568836541528696	0	0	TRUE	TRUE
HALLMARK_XENOBIOTIC_METABOLISM	Osteosarcoma-Acute Lymphoblastic Leukemia	0.4619876569870419	0	0	TRUE	TRUE
HALLMARK_XENOBIOTIC_METABOLISM	Rhabdoid tumor of the kidney-Acute Lymphoblastic Leukemia	0.4078890163148193	0	0	TRUE	TRUE
HALLMARK_XENOBIOTIC_METABOLISM	Wilms tumor-Acute Lymphoblastic Leukemia	0.30921453780544295	0	0	TRUE	TRUE
HALLMARK_XENOBIOTIC_METABOLISM	Osteosarcoma-Acute Myeloid Leukemia	0.246299291571755	0	0	TRUE	TRUE
HALLMARK_XENOBIOTIC_METABOLISM	Rhabdoid tumor of the kidney-Acute Myeloid Leukemia	0.1922006508995323	0	0	TRUE	TRUE
HALLMARK_XENOBIOTIC_METABOLISM	Wilms tumor-Acute Myeloid Leukemia	0.09352617239015602	0	0	TRUE	TRUE
HALLMARK_XENOBIOTIC_METABOLISM	Rhabdoid tumor of the kidney-Osteosarcoma	-0.05409864067222267	0.05544388706719672	1	FALSE	FALSE
HALLMARK_XENOBIOTIC_METABOLISM	Wilms tumor-Osteosarcoma	-0.15277311918159897	0	0	TRUE	TRUE
HALLMARK_XENOBIOTIC_METABOLISM	Wilms tumor-Rhabdoid tumor of the kidney	-0.0986744785093763	1.4850745000405396e-6	7.425372500202698e-5	TRUE	TRUE
