Sample	FusionName	Fusion_Type	Gene1A	Gene1B	Tier	annots	Gene1A_anno	Gene1B_anno	Fusion_anno
BS_WDC88K6G	KIAA1549--BRAF	Not available	KIAA1549	BRAF	Fusion Tier 1A	"[""""Cosmic"""",""""ChimerPub"""",""""ChimerSeq"""",""""chimerdb_pubmed"""",""""ChimerKB"""",""""INTRACHROMOSOMAL[chr7:1.74Mb]""""]"	CosmicCensus, Oncogene	Kinase, CosmicCensus, Oncogene, Kinase	TCGAFusion
BS_K62F9BCS	SPECC1L--NTRK2	Not available	SPECC1L	NTRK2	Fusion Tier 2	"[""""INTERCHROMOSOMAL[chr22--chr9]""""]"	NA	Oncogene, Kinase	NA
BS_FWGN79WB	EWSR1--ERG	Not available	EWSR1	ERG	Fusion Tier 1A	"[""""chimerdb_omim"""",""""chimerdb_pubmed"""",""""CCLE"""",""""Mitelman"""",""""Cosmic"""",""""ChimerPub"""",""""ChimerSeq"""",""""ChimerKB"""",""""INTERCHROMOSOMAL[chr22--chr21]""""]"	CosmicCensus, Oncogene	CosmicCensus, Oncogene, TranscriptionFactor	NA
BS_38FJ0SBV	KIAA1549--BRAF	Not available	KIAA1549	BRAF	Fusion Tier 1A	"[""""Cosmic"""",""""ChimerPub"""",""""ChimerSeq"""",""""chimerdb_pubmed"""",""""ChimerKB"""",""""INTRACHROMOSOMAL[chr7:1.74Mb]""""]"	CosmicCensus, Oncogene	Kinase, CosmicCensus, Oncogene, Kinase	TCGAFusion
BS_DE3B5AWG	KIAA1549--BRAF	Not available	KIAA1549	BRAF	Fusion Tier 1A	"[""""Cosmic"""",""""ChimerPub"""",""""ChimerSeq"""",""""chimerdb_pubmed"""",""""ChimerKB"""",""""INTRACHROMOSOMAL[chr7:1.74Mb]""""]"	CosmicCensus, Oncogene	Kinase, CosmicCensus, Oncogene, Kinase	TCGAFusion
BS_J5QVVEK6	TFG--FOXJ3	Not available	TFG	FOXJ3	Fusion Tier 3	"[""""INTERCHROMOSOMAL[chr3--chr1]""""]"	CosmicCensus, Oncogene	TranscriptionFactor	NA
BS_3SS0GYDQ	CDH11--USP6	Not available	CDH11	USP6	Fusion Tier 1A	"[""""chimerdb_pubmed"""",""""ChimerKB"""",""""ChimerSeq"""",""""Cosmic"""",""""INTERCHROMOSOMAL[chr16--chr17]""""]"	TumorSuppressorGene, CosmicCensus, Oncogene	CosmicCensus, Oncogene	NA
BS_3SS0GYDQ	CDH11--USP6	Not available	CDH11	USP6	Fusion Tier 3	"[""""chimerdb_pubmed"""",""""ChimerKB"""",""""ChimerSeq"""",""""Cosmic"""",""""INTERCHROMOSOMAL[chr16--chr17]""""]"	TumorSuppressorGene, CosmicCensus, Oncogene	CosmicCensus, Oncogene	NA
BS_565NXM7G	KIAA1549--BRAF	Not available	KIAA1549	BRAF	Fusion Tier 1A	"[""""Cosmic"""",""""ChimerPub"""",""""ChimerSeq"""",""""chimerdb_pubmed"""",""""ChimerKB"""",""""INTRACHROMOSOMAL[chr7:1.74Mb]""""]"	CosmicCensus, Oncogene	Kinase, CosmicCensus, Oncogene, Kinase	TCGAFusion
BS_PYR12WA6	KIAA1549--BRAF	Not available	KIAA1549	BRAF	Fusion Tier 1A	"[""""Cosmic"""",""""ChimerPub"""",""""ChimerSeq"""",""""chimerdb_pubmed"""",""""ChimerKB"""",""""INTRACHROMOSOMAL[chr7:1.74Mb]""""]"	CosmicCensus, Oncogene	Kinase, CosmicCensus, Oncogene, Kinase	TCGAFusion
BS_Q3SJSECW	KIAA1549--BRAF	Not available	KIAA1549	BRAF	Fusion Tier 1A	"[""""Cosmic"""",""""ChimerPub"""",""""ChimerSeq"""",""""chimerdb_pubmed"""",""""ChimerKB"""",""""INTRACHROMOSOMAL[chr7:1.74Mb]""""]"	CosmicCensus, Oncogene	Kinase, CosmicCensus, Oncogene, Kinase	TCGAFusion
BS_ANQ1PQF8	NCOA4--RET	Not available	NCOA4	RET	Fusion Tier 1A	"[""""ChimerSeq"""",""""ChimerKB"""",""""FA_CancerSupp"""",""""Cosmic"""",""""ChimerPub"""",""""chimerdb_pubmed"""",""""HaasMedCancer"""",""""YOSHIHARA_TCGA"""",""""INTRACHROMOSOMAL[chr10:2.87Mb]""""]"	TumorSuppressorGene, CosmicCensus, Oncogene	Kinase, CosmicCensus, Oncogene, Kinase	TCGAFusion
BS_MX6A841K	KIAA1549--BRAF	Not available	KIAA1549	BRAF	Fusion Tier 1A	"[""""Cosmic"""",""""ChimerPub"""",""""ChimerSeq"""",""""chimerdb_pubmed"""",""""ChimerKB"""",""""INTRACHROMOSOMAL[chr7:1.74Mb]""""]"	CosmicCensus, Oncogene	Kinase, CosmicCensus, Oncogene, Kinase	TCGAFusion
BS_BM4AWHQ2	KIAA1549--BRAF	Not available	KIAA1549	BRAF	Fusion Tier 1A	"[""""Cosmic"""",""""ChimerPub"""",""""ChimerSeq"""",""""chimerdb_pubmed"""",""""ChimerKB"""",""""INTRACHROMOSOMAL[chr7:1.74Mb]""""]"	CosmicCensus, Oncogene	Kinase, CosmicCensus, Oncogene, Kinase	TCGAFusion
BS_C4MPKK2H	EWSR1--FLI1	Not available	EWSR1	FLI1	Fusion Tier 1A	"[""""CCLE"""",""""Klijn_CellLines"""",""""ChimerKB"""",""""ChimerSeq"""",""""FA_CancerSupp"""",""""ChimerPub"""",""""Mitelman"""",""""Cosmic"""",""""INTERCHROMOSOMAL[chr22--chr11]""""]"	CosmicCensus, Oncogene	CosmicCensus, Oncogene, TranscriptionFactor	NA
BS_JKGT66BP	KIAA1549--BRAF	Not available	KIAA1549	BRAF	Fusion Tier 1A	"[""""Cosmic"""",""""ChimerPub"""",""""ChimerSeq"""",""""chimerdb_pubmed"""",""""ChimerKB"""",""""INTRACHROMOSOMAL[chr7:1.74Mb]""""]"	CosmicCensus, Oncogene	Kinase, CosmicCensus, Oncogene, Kinase	TCGAFusion
BS_1MG2BRXM	KIAA1549--BRAF	Not available	KIAA1549	BRAF	Fusion Tier 1A	"[""""Cosmic"""",""""ChimerPub"""",""""ChimerSeq"""",""""chimerdb_pubmed"""",""""ChimerKB"""",""""INTRACHROMOSOMAL[chr7:1.74Mb]""""]"	CosmicCensus, Oncogene	Kinase, CosmicCensus, Oncogene, Kinase	TCGAFusion
BS_902WNHT2	ETV6--NTRK3	Not available	ETV6	NTRK3	Fusion Tier 1A	"[""""chimerdb_omim"""",""""Larsson_TCGA"""",""""YOSHIHARA_TCGA"""",""""chimerdb_pubmed"""",""""HaasMedCancer"""",""""Cosmic"""",""""ChimerPub"""",""""ChimerSeq"""",""""ChimerKB"""",""""FA_CancerSupp"""",""""INTERCHROMOSOMAL[chr12--chr15]""""]"	TumorSuppressorGene, CosmicCensus, Oncogene, TranscriptionFactor	TumorSuppressorGene, CosmicCensus, Oncogene, Kinase	TCGAFusion
BS_902WNHT2	NTRK3--ETV6	Not available	NTRK3	ETV6	Fusion Tier 3	"[""""ChimerKB"""",""""ChimerSeq"""",""""ChimerPub"""",""""chimerdb_omim"""",""""INTERCHROMOSOMAL[chr15--chr12]""""]"	TumorSuppressorGene, CosmicCensus, Oncogene, Kinase	TumorSuppressorGene, CosmicCensus, Oncogene, TranscriptionFactor	TCGAFusion
BS_R5BC671C	P2RY8--CRLF2	Not available	P2RY8	CRLF2	Fusion Tier 1A	"[""""HGNC_GENEFAM"""",""""Mitelman"""",""""ChimerPub"""",""""INTRACHROMOSOMAL[chrX:0.25Mb]""""]"	CosmicCensus, Oncogene	CosmicCensus, Oncogene	NA
BS_JEE020F8	KIAA1549--BRAF	Not available	KIAA1549	BRAF	Fusion Tier 1A	"[""""Cosmic"""",""""ChimerPub"""",""""ChimerSeq"""",""""chimerdb_pubmed"""",""""ChimerKB"""",""""INTRACHROMOSOMAL[chr7:1.74Mb]""""]"	CosmicCensus, Oncogene	Kinase, CosmicCensus, Oncogene, Kinase	TCGAFusion
BS_8AP8XV05	KIAA1549--BRAF	Not available	KIAA1549	BRAF	Fusion Tier 1A	"[""""Cosmic"""",""""ChimerPub"""",""""ChimerSeq"""",""""chimerdb_pubmed"""",""""ChimerKB"""",""""INTRACHROMOSOMAL[chr7:1.74Mb]""""]"	CosmicCensus, Oncogene	Kinase, CosmicCensus, Oncogene, Kinase	TCGAFusion
BS_KS8V7N4V	C2orf44--NTRK2	Not available	C2orf44	NTRK2	Fusion Tier 2	NA	NA	Oncogene, Kinase	NA
BS_42RM9E3E	KIAA1549--BRAF	Not available	KIAA1549	BRAF	Fusion Tier 1A	"[""""Cosmic"""",""""ChimerPub"""",""""ChimerSeq"""",""""chimerdb_pubmed"""",""""ChimerKB"""",""""INTRACHROMOSOMAL[chr7:1.74Mb]""""]"	CosmicCensus, Oncogene	Kinase, CosmicCensus, Oncogene, Kinase	TCGAFusion
BS_5WZBN4PG	ETV6--RUNX1	Not available	ETV6	RUNX1	Fusion Tier 1A	"[""""Cosmic"""",""""chimerdb_omim"""",""""Mitelman"""",""""ChimerSeq"""",""""chimerdb_pubmed"""",""""ChimerKB"""",""""CCLE"""",""""INTERCHROMOSOMAL[chr12--chr21]""""]"	TumorSuppressorGene, CosmicCensus, Oncogene, TranscriptionFactor	TumorSuppressorGene, CosmicCensus, Oncogene, TranscriptionFactor	NA
BS_D76NYH8H	KIAA1549--BRAF	Not available	KIAA1549	BRAF	Fusion Tier 1A	"[""""Cosmic"""",""""ChimerPub"""",""""ChimerSeq"""",""""chimerdb_pubmed"""",""""ChimerKB"""",""""INTRACHROMOSOMAL[chr7:1.74Mb]""""]"	CosmicCensus, Oncogene	Kinase, CosmicCensus, Oncogene, Kinase	TCGAFusion
BS_RQDR76G2	TCF3--PBX1	Not available	TCF3	PBX1	Fusion Tier 1A	"[""""ChimerPub"""",""""Mitelman"""",""""Cosmic"""",""""chimerdb_pubmed"""",""""CCLE"""",""""ChimerKB"""",""""ChimerSeq"""",""""INTERCHROMOSOMAL[chr19--chr1]""""]"	TumorSuppressorGene, CosmicCensus, Oncogene, TranscriptionFactor	CosmicCensus, Oncogene, TranscriptionFactor	NA
BS_2MZ3YAAQ	FGFR1--TACC1	Not available	FGFR1	TACC1	Fusion Tier 2	"[""""ChimerSeq"""",""""ChimerKB"""",""""Cosmic"""",""""INTRACHROMOSOMAL[chr8:0.26Mb]""""]"	Kinase, CosmicCensus, Oncogene, Kinase	Oncogene	NA
BS_WP3P7YVH	KIAA1549--BRAF	Not available	KIAA1549	BRAF	Fusion Tier 1A	"[""""Cosmic"""",""""ChimerPub"""",""""ChimerSeq"""",""""chimerdb_pubmed"""",""""ChimerKB"""",""""INTRACHROMOSOMAL[chr7:1.74Mb]""""]"	CosmicCensus, Oncogene	Kinase, CosmicCensus, Oncogene, Kinase	TCGAFusion
BS_4XX0MZZ7	P2RY8--CRLF2	Not available	P2RY8	CRLF2	Fusion Tier 1A	"[""""HGNC_GENEFAM"""",""""Mitelman"""",""""ChimerPub"""",""""INTRACHROMOSOMAL[chrX:0.25Mb]""""]"	CosmicCensus, Oncogene	CosmicCensus, Oncogene	NA
BS_4XX0MZZ7	ETV6--RUNX1	Not available	ETV6	RUNX1	Fusion Tier 1A	"[""""Cosmic"""",""""chimerdb_omim"""",""""Mitelman"""",""""ChimerSeq"""",""""chimerdb_pubmed"""",""""ChimerKB"""",""""CCLE"""",""""INTERCHROMOSOMAL[chr12--chr21]""""]"	TumorSuppressorGene, CosmicCensus, Oncogene, TranscriptionFactor	TumorSuppressorGene, CosmicCensus, Oncogene, TranscriptionFactor	NA
BS_4XX0MZZ7	RUNX1--ETV6	Not available	RUNX1	ETV6	Fusion Tier 3	"[""""chimerdb_omim"""",""""ChimerPub"""",""""ChimerKB"""",""""INTERCHROMOSOMAL[chr21--chr12]""""]"	TumorSuppressorGene, CosmicCensus, Oncogene, TranscriptionFactor	TumorSuppressorGene, CosmicCensus, Oncogene, TranscriptionFactor	NA
BS_CPH1MESX	PAX3--FOXO1	Not available	PAX3	FOXO1	Fusion Tier 1A	"[""""ChimerSeq"""",""""ChimerKB"""",""""Mitelman"""",""""Cosmic"""",""""ChimerPub"""",""""Klijn_CellLines"""",""""chimerdb_pubmed"""",""""CCLE"""",""""chimerdb_omim"""",""""INTERCHROMOSOMAL[chr2--chr13]""""]"	CosmicCensus, Oncogene, TranscriptionFactor	TumorSuppressorGene, CosmicCensus, Oncogene, TranscriptionFactor	NA
BS_5XZ990JG	NRF1--BRAF	Not available	NRF1	BRAF	Fusion Tier 2	"[""""INTRACHROMOSOMAL[chr7:10.96Mb]""""]"	TumorSuppressorGene, Oncogene, TranscriptionFactor	Kinase, CosmicCensus, Oncogene, Kinase	NA
BS_2FNFDCNB	QKI--NTRK2	Not available	QKI	NTRK2	Fusion Tier 2	"[""""Cosmic"""",""""ChimerKB"""",""""INTERCHROMOSOMAL[chr6--chr9]""""]"	TumorSuppressorGene, CosmicCensus	Oncogene, Kinase	NA
BS_803XWRFN	ETV6--NTRK3	Not available	ETV6	NTRK3	Fusion Tier 1A	"[""""chimerdb_omim"""",""""Larsson_TCGA"""",""""YOSHIHARA_TCGA"""",""""chimerdb_pubmed"""",""""HaasMedCancer"""",""""Cosmic"""",""""ChimerPub"""",""""ChimerSeq"""",""""ChimerKB"""",""""FA_CancerSupp"""",""""INTERCHROMOSOMAL[chr12--chr15]""""]"	TumorSuppressorGene, CosmicCensus, Oncogene, TranscriptionFactor	TumorSuppressorGene, CosmicCensus, Oncogene, Kinase	TCGAFusion
BS_KADGB2GY	KIAA1549--BRAF	Not available	KIAA1549	BRAF	Fusion Tier 1A	"[""""Cosmic"""",""""ChimerPub"""",""""ChimerSeq"""",""""chimerdb_pubmed"""",""""ChimerKB"""",""""INTRACHROMOSOMAL[chr7:1.74Mb]""""]"	CosmicCensus, Oncogene	Kinase, CosmicCensus, Oncogene, Kinase	TCGAFusion
BS_HQ7C5E3D	AGAP3--BRAF	Not available	AGAP3	BRAF	Fusion Tier 2	"[""""INTRACHROMOSOMAL[chr7:10.16Mb]""""]"	NA	Kinase, CosmicCensus, Oncogene, Kinase	NA
BS_V17TP9SY	KIAA1549--BRAF	Not available	KIAA1549	BRAF	Fusion Tier 1A	"[""""Cosmic"""",""""ChimerPub"""",""""ChimerSeq"""",""""chimerdb_pubmed"""",""""ChimerKB"""",""""INTRACHROMOSOMAL[chr7:1.74Mb]""""]"	CosmicCensus, Oncogene	Kinase, CosmicCensus, Oncogene, Kinase	TCGAFusion
BS_AK9X52AY	KIAA1549--BRAF	Not available	KIAA1549	BRAF	Fusion Tier 1A	"[""""Cosmic"""",""""ChimerPub"""",""""ChimerSeq"""",""""chimerdb_pubmed"""",""""ChimerKB"""",""""INTRACHROMOSOMAL[chr7:1.74Mb]""""]"	CosmicCensus, Oncogene	Kinase, CosmicCensus, Oncogene, Kinase	TCGAFusion
BS_BAVHT9C7	FGFR1--TACC1	Not available	FGFR1	TACC1	Fusion Tier 1A	"[""""ChimerSeq"""",""""ChimerKB"""",""""Cosmic"""",""""INTRACHROMOSOMAL[chr8:0.26Mb]""""]"	Kinase, CosmicCensus, Oncogene, Kinase	Oncogene	NA
BS_BAVHT9C7	FGFR1--TACC1	Not available	FGFR1	TACC1	Fusion Tier 2	"[""""ChimerSeq"""",""""ChimerKB"""",""""Cosmic"""",""""INTRACHROMOSOMAL[chr8:0.26Mb]""""]"	Kinase, CosmicCensus, Oncogene, Kinase	Oncogene	NA
BS_NZ3V41PF	KIAA1549--BRAF	Not available	KIAA1549	BRAF	Fusion Tier 1A	"[""""Cosmic"""",""""ChimerPub"""",""""ChimerSeq"""",""""chimerdb_pubmed"""",""""ChimerKB"""",""""INTRACHROMOSOMAL[chr7:1.74Mb]""""]"	CosmicCensus, Oncogene	Kinase, CosmicCensus, Oncogene, Kinase	TCGAFusion
BS_3DE052QS	C11orf95--RELA	Not available	C11orf95	RELA	Fusion Tier 1A	"[""""INTRACHROMOSOMAL[chr11:1.88Mb]""""]"	NA	Oncogene, TranscriptionFactor	NA
BS_AFG2EN7D	PITPNC1--PRKCA	Not available	PITPNC1	PRKCA	Fusion Tier 2	"[""""INTRACHROMOSOMAL[chr17:0.57Mb]""""]"	NA	Kinase	NA
BS_CM2MDESG	KIAA1549--BRAF	Not available	KIAA1549	BRAF	Fusion Tier 1A	"[""""Cosmic"""",""""ChimerPub"""",""""ChimerSeq"""",""""chimerdb_pubmed"""",""""ChimerKB"""",""""INTRACHROMOSOMAL[chr7:1.74Mb]""""]"	CosmicCensus, Oncogene	Kinase, CosmicCensus, Oncogene, Kinase	TCGAFusion
BS_RSQJANXC	EWSR1--ETV1	Not available	EWSR1	ETV1	Fusion Tier 1A	"[""""chimerdb_pubmed"""",""""ChimerKB"""",""""ChimerPub"""",""""chimerdb_omim"""",""""Cosmic"""",""""INTERCHROMOSOMAL[chr22--chr7]""""]"	CosmicCensus, Oncogene	CosmicCensus, Oncogene, TranscriptionFactor	NA
BS_N2Z9GTB3	P2RY8--CRLF2	Not available	P2RY8	CRLF2	Fusion Tier 1A	"[""""HGNC_GENEFAM"""",""""Mitelman"""",""""ChimerPub"""",""""INTRACHROMOSOMAL[chrX:0.25Mb]""""]"	CosmicCensus, Oncogene	CosmicCensus, Oncogene	NA
BS_3Y6ZRHA0	RUNX1--ETV6	Not available	RUNX1	ETV6	Fusion Tier 3	"[""""chimerdb_omim"""",""""ChimerPub"""",""""ChimerKB"""",""""INTERCHROMOSOMAL[chr21--chr12]""""]"	TumorSuppressorGene, CosmicCensus, Oncogene, TranscriptionFactor	TumorSuppressorGene, CosmicCensus, Oncogene, TranscriptionFactor	NA
BS_3Y6ZRHA0	ETV6--RUNX1	Not available	ETV6	RUNX1	Fusion Tier 1A	"[""""Cosmic"""",""""chimerdb_omim"""",""""Mitelman"""",""""ChimerSeq"""",""""chimerdb_pubmed"""",""""ChimerKB"""",""""CCLE"""",""""INTERCHROMOSOMAL[chr12--chr21]""""]"	TumorSuppressorGene, CosmicCensus, Oncogene, TranscriptionFactor	TumorSuppressorGene, CosmicCensus, Oncogene, TranscriptionFactor	NA
BS_F477Y9P9	ETV6--NTRK3	Not available	ETV6	NTRK3	Fusion Tier 1A	"[""""chimerdb_omim"""",""""Larsson_TCGA"""",""""YOSHIHARA_TCGA"""",""""chimerdb_pubmed"""",""""HaasMedCancer"""",""""Cosmic"""",""""ChimerPub"""",""""ChimerSeq"""",""""ChimerKB"""",""""FA_CancerSupp"""",""""INTERCHROMOSOMAL[chr12--chr15]""""]"	TumorSuppressorGene, CosmicCensus, Oncogene, TranscriptionFactor	TumorSuppressorGene, CosmicCensus, Oncogene, Kinase	TCGAFusion
BS_9P08S0VV	PKM--USP6	Not available	PKM	USP6	Fusion Tier 2	"[""""INTERCHROMOSOMAL[chr15--chr17]""""]"	Oncogene	CosmicCensus, Oncogene	NA
BS_Q8PRWQZQ	TRIM24--MET	Not available	TRIM24	MET	Fusion Tier 2	"[""""INTRACHROMOSOMAL[chr7:21.66Mb]""""]"	TumorSuppressorGene, CosmicCensus, Oncogene	Kinase, CosmicCensus, Oncogene, Kinase	NA
BS_66G5NWZ7	SNRNP70--MET	Not available	SNRNP70	MET	Fusion Tier 2	"[""""INTERCHROMOSOMAL[chr19--chr7]""""]"	NA	Kinase, CosmicCensus, Oncogene, Kinase	NA
BS_H21YQR4B	KIAA1549--BRAF	Not available	KIAA1549	BRAF	Fusion Tier 1A	"[""""Cosmic"""",""""ChimerPub"""",""""ChimerSeq"""",""""chimerdb_pubmed"""",""""ChimerKB"""",""""INTRACHROMOSOMAL[chr7:1.74Mb]""""]"	CosmicCensus, Oncogene	Kinase, CosmicCensus, Oncogene, Kinase	TCGAFusion
BS_7YEJ2B1T	EWSR1--ATF1	Not available	EWSR1	ATF1	Fusion Tier 2	"[""""ChimerSeq"""",""""ChimerKB"""",""""Cosmic"""",""""Mitelman"""",""""ChimerPub"""",""""INTERCHROMOSOMAL[chr22--chr12]""""]"	CosmicCensus, Oncogene	CosmicCensus, Oncogene, TranscriptionFactor	NA
BS_6QTM8577	KIAA1549--BRAF	Not available	KIAA1549	BRAF	Fusion Tier 1A	"[""""Cosmic"""",""""ChimerPub"""",""""ChimerSeq"""",""""chimerdb_pubmed"""",""""ChimerKB"""",""""INTRACHROMOSOMAL[chr7:1.74Mb]""""]"	CosmicCensus, Oncogene	Kinase, CosmicCensus, Oncogene, Kinase	TCGAFusion
BS_B4YEWQGD	KMT2A--MLLT3	Not available	KMT2A	MLLT3	Fusion Tier 1A	"[""""ChimerPub"""",""""Mitelman"""",""""Cosmic"""",""""CCLE"""",""""ChimerKB"""",""""INTERCHROMOSOMAL[chr11--chr9]""""]"	CosmicCensus, Oncogene, TranscriptionFactor	CosmicCensus, Oncogene	NA
BS_QSTKDM1Q	ETV6--RUNX1	Not available	ETV6	RUNX1	Fusion Tier 1A	"[""""Cosmic"""",""""chimerdb_omim"""",""""Mitelman"""",""""ChimerSeq"""",""""chimerdb_pubmed"""",""""ChimerKB"""",""""CCLE"""",""""INTERCHROMOSOMAL[chr12--chr21]""""]"	TumorSuppressorGene, CosmicCensus, Oncogene, TranscriptionFactor	TumorSuppressorGene, CosmicCensus, Oncogene, TranscriptionFactor	NA
BS_54E2NYWM	KIAA1549--BRAF	Not available	KIAA1549	BRAF	Fusion Tier 1A	"[""""Cosmic"""",""""ChimerPub"""",""""ChimerSeq"""",""""chimerdb_pubmed"""",""""ChimerKB"""",""""INTRACHROMOSOMAL[chr7:1.74Mb]""""]"	CosmicCensus, Oncogene	Kinase, CosmicCensus, Oncogene, Kinase	TCGAFusion
BS_QX5ZY43J	TBL1XR1--PIK3CA	Not available	TBL1XR1	PIK3CA	Fusion Tier 3	"[""""YOSHIHARA_TCGA"""",""""ChimerSeq"""",""""FA_CancerSupp"""",""""INTRACHROMOSOMAL[chr3:1.92Mb]""""]"	CosmicCensus	CosmicCensus, Oncogene, Kinase	TCGAFusion
BS_V429AAT3	KIAA1549--BRAF	Not available	KIAA1549	BRAF	Fusion Tier 1A	"[""""Cosmic"""",""""ChimerPub"""",""""ChimerSeq"""",""""chimerdb_pubmed"""",""""ChimerKB"""",""""INTRACHROMOSOMAL[chr7:1.74Mb]""""]"	CosmicCensus, Oncogene	Kinase, CosmicCensus, Oncogene, Kinase	TCGAFusion
BS_03D8KK86	KIAA1549--BRAF	Not available	KIAA1549	BRAF	Fusion Tier 1A	"[""""Cosmic"""",""""ChimerPub"""",""""ChimerSeq"""",""""chimerdb_pubmed"""",""""ChimerKB"""",""""INTRACHROMOSOMAL[chr7:1.74Mb]""""]"	CosmicCensus, Oncogene	Kinase, CosmicCensus, Oncogene, Kinase	TCGAFusion
BS_ETT92GJF	ETV6--RUNX1	Not available	ETV6	RUNX1	Fusion Tier 1A	"[""""Cosmic"""",""""chimerdb_omim"""",""""Mitelman"""",""""ChimerSeq"""",""""chimerdb_pubmed"""",""""ChimerKB"""",""""CCLE"""",""""INTERCHROMOSOMAL[chr12--chr21]""""]"	TumorSuppressorGene, CosmicCensus, Oncogene, TranscriptionFactor	TumorSuppressorGene, CosmicCensus, Oncogene, TranscriptionFactor	NA
BS_WGC1DZYK	ETV6--RUNX1	Not available	ETV6	RUNX1	Fusion Tier 1A	"[""""Cosmic"""",""""chimerdb_omim"""",""""Mitelman"""",""""ChimerSeq"""",""""chimerdb_pubmed"""",""""ChimerKB"""",""""CCLE"""",""""INTERCHROMOSOMAL[chr12--chr21]""""]"	TumorSuppressorGene, CosmicCensus, Oncogene, TranscriptionFactor	TumorSuppressorGene, CosmicCensus, Oncogene, TranscriptionFactor	NA
BS_WGC1DZYK	RUNX1--ETV6	Not available	RUNX1	ETV6	Fusion Tier 3	"[""""chimerdb_omim"""",""""ChimerPub"""",""""ChimerKB"""",""""INTERCHROMOSOMAL[chr21--chr12]""""]"	TumorSuppressorGene, CosmicCensus, Oncogene, TranscriptionFactor	TumorSuppressorGene, CosmicCensus, Oncogene, TranscriptionFactor	NA
BS_6J0TC1JS	ETV6--RUNX1	Not available	ETV6	RUNX1	Fusion Tier 1A	"[""""Cosmic"""",""""chimerdb_omim"""",""""Mitelman"""",""""ChimerSeq"""",""""chimerdb_pubmed"""",""""ChimerKB"""",""""CCLE"""",""""INTERCHROMOSOMAL[chr12--chr21]""""]"	TumorSuppressorGene, CosmicCensus, Oncogene, TranscriptionFactor	TumorSuppressorGene, CosmicCensus, Oncogene, TranscriptionFactor	NA
BS_95SYFDT7	ETV5--BCL6	Not available	ETV5	BCL6	Fusion Tier 2	"[""""INTRACHROMOSOMAL[chr3:1.61Mb]""""]"	CosmicCensus, Oncogene, TranscriptionFactor	CosmicCensus, Oncogene, TranscriptionFactor	NA
BS_0DAAQ75Z	BRD4--LEUTX	Not available	BRD4	LEUTX	Fusion Tier 3	"[""""INTRACHROMOSOMAL[chr19:24.44Mb]""""]"	Kinase, CosmicCensus, Oncogene	TranscriptionFactor	NA
BS_C7FRTK6P	ETV6--RUNX1	Not available	ETV6	RUNX1	Fusion Tier 1A	"[""""Cosmic"""",""""chimerdb_omim"""",""""Mitelman"""",""""ChimerSeq"""",""""chimerdb_pubmed"""",""""ChimerKB"""",""""CCLE"""",""""INTERCHROMOSOMAL[chr12--chr21]""""]"	TumorSuppressorGene, CosmicCensus, Oncogene, TranscriptionFactor	TumorSuppressorGene, CosmicCensus, Oncogene, TranscriptionFactor	NA
BS_C7FRTK6P	P2RY8--CRLF2	Not available	P2RY8	CRLF2	Fusion Tier 1A	"[""""HGNC_GENEFAM"""",""""Mitelman"""",""""ChimerPub"""",""""INTRACHROMOSOMAL[chrX:0.25Mb]""""]"	CosmicCensus, Oncogene	CosmicCensus, Oncogene	NA
BS_XHXRM8YS	IGH--CRLF2	Not available	IGH	CRLF2	Fusion Tier 1A	"[""""Mitelman"""",""""ChimerPub""""]"	CosmicCensus, Oncogene	CosmicCensus, Oncogene	NA
BS_8MDN8KCP	PTPRZ1--MET	Not available	PTPRZ1	MET	Fusion Tier 2	"[""""ChimerPub"""",""""FA_CancerSupp"""",""""ChimerSeq"""",""""INTRACHROMOSOMAL[chr7:5.07Mb]""""]"	NA	Kinase, CosmicCensus, Oncogene, Kinase	TCGAFusion
BS_JRP74F84	KIAA1549--BRAF	Not available	KIAA1549	BRAF	Fusion Tier 1A	"[""""Cosmic"""",""""ChimerPub"""",""""ChimerSeq"""",""""chimerdb_pubmed"""",""""ChimerKB"""",""""INTRACHROMOSOMAL[chr7:1.74Mb]""""]"	CosmicCensus, Oncogene	Kinase, CosmicCensus, Oncogene, Kinase	TCGAFusion
BS_YRP28J6X	FGFR2--KIAA1598	Not available	FGFR2	KIAA1598	Fusion Tier 2	"[""""ChimerSeq"""",""""FA_CancerSupp""""]"	Kinase, CosmicCensus, Oncogene, Kinase	NA	TCGAFusion
BS_WZKAFZ1T	KMT2A--MLLT3	Not available	KMT2A	MLLT3	Fusion Tier 1A	"[""""ChimerPub"""",""""Mitelman"""",""""Cosmic"""",""""CCLE"""",""""ChimerKB"""",""""INTERCHROMOSOMAL[chr11--chr9]""""]"	CosmicCensus, Oncogene, TranscriptionFactor	CosmicCensus, Oncogene	NA
BS_5Q9EDT8W	TPR--NTRK1	Not available	TPR	NTRK1	Fusion Tier 1A	"[""""ChimerPub"""",""""HaasMedCancer"""",""""ChimerKB"""",""""INTRACHROMOSOMAL[chr1:29.43Mb]""""]"	CosmicCensus, Oncogene	CosmicCensus, Oncogene, Kinase	NA
BS_R0G2S8WH	KMT2A--KMT2A	Not available	KMT2A	KMT2A	Fusion Tier 3	"[""""SELFIE"""",""""[\""""ChimerKB\""""]"""",""""INTRACHROMOSOMAL[chr11:0.09Mb]"""",""""NEIGHBORS_OVERLAP:+:+:[90342]""""]"	CosmicCensus, Oncogene, TranscriptionFactor	CosmicCensus, Oncogene, TranscriptionFactor	NA
BS_1YMB70S6	EWSR1--ERG	Not available	EWSR1	ERG	Fusion Tier 1A	"[""""chimerdb_omim"""",""""chimerdb_pubmed"""",""""CCLE"""",""""Mitelman"""",""""Cosmic"""",""""ChimerPub"""",""""ChimerSeq"""",""""ChimerKB"""",""""INTERCHROMOSOMAL[chr22--chr21]""""]"	CosmicCensus, Oncogene	CosmicCensus, Oncogene, TranscriptionFactor	NA
BS_5MGAKGJA	KMT2A--MLLT6	Not available	KMT2A	MLLT6	Fusion Tier 1A	"[""""ChimerKB"""",""""HGNC_GENEFAM"""",""""Mitelman"""",""""Cosmic"""",""""INTERCHROMOSOMAL[chr11--chr17]""""]"	CosmicCensus, Oncogene, TranscriptionFactor	CosmicCensus, Oncogene	NA
BS_XD20PN3M	KIAA1549--BRAF	Not available	KIAA1549	BRAF	Fusion Tier 1A	"[""""Cosmic"""",""""ChimerPub"""",""""ChimerSeq"""",""""chimerdb_pubmed"""",""""ChimerKB"""",""""INTRACHROMOSOMAL[chr7:1.74Mb]""""]"	CosmicCensus, Oncogene	Kinase, CosmicCensus, Oncogene, Kinase	TCGAFusion
BS_F01Y8VYV	KIAA1549--BRAF	Not available	KIAA1549	BRAF	Fusion Tier 1A	"[""""Cosmic"""",""""ChimerPub"""",""""ChimerSeq"""",""""chimerdb_pubmed"""",""""ChimerKB"""",""""INTRACHROMOSOMAL[chr7:1.74Mb]""""]"	CosmicCensus, Oncogene	Kinase, CosmicCensus, Oncogene, Kinase	TCGAFusion
BS_6081G0SH	KMT2A--AFF1	Not available	KMT2A	AFF1	Fusion Tier 1A	"[""""Cosmic"""",""""Mitelman"""",""""ChimerPub"""",""""ChimerSeq"""",""""CCLE"""",""""ChimerKB"""",""""INTERCHROMOSOMAL[chr11--chr4]""""]"	CosmicCensus, Oncogene, TranscriptionFactor	CosmicCensus, Oncogene	NA
BS_WHNYFSKJ	KIAA1549--BRAF	Not available	KIAA1549	BRAF	Fusion Tier 1A	"[""""Cosmic"""",""""ChimerPub"""",""""ChimerSeq"""",""""chimerdb_pubmed"""",""""ChimerKB"""",""""INTRACHROMOSOMAL[chr7:1.74Mb]""""]"	CosmicCensus, Oncogene	Kinase, CosmicCensus, Oncogene, Kinase	TCGAFusion
BS_3JNJA91B	CBFA2T3--GLIS2	Not available	CBFA2T3	GLIS2	Fusion Tier 1A	"[""""CCLE"""",""""Cosmic"""",""""INTRACHROMOSOMAL[chr16:84.54Mb]""""]"	TumorSuppressorGene, CosmicCensus, Oncogene	TranscriptionFactor	NA
BS_VBHXJ9M6	RUNX1--RUNX1T1	Not available	RUNX1	RUNX1T1	Fusion Tier 1A	"[""""Mitelman"""",""""FA_CancerSupp"""",""""ChimerSeq"""",""""ChimerKB"""",""""YOSHIHARA_TCGA"""",""""chimerdb_omim"""",""""Klijn_CellLines"""",""""chimerdb_pubmed"""",""""CCLE"""",""""INTERCHROMOSOMAL[chr21--chr8]""""]"	TumorSuppressorGene, CosmicCensus, Oncogene, TranscriptionFactor	CosmicCensus, Oncogene	TCGAFusion
BS_02R0RSH8	KMT2A--ELL	Not available	KMT2A	ELL	Fusion Tier 1A	"[""""ChimerKB"""",""""FA_CancerSupp"""",""""Mitelman"""",""""Cosmic"""",""""INTERCHROMOSOMAL[chr11--chr19]""""]"	CosmicCensus, Oncogene, TranscriptionFactor	CosmicCensus, Oncogene	NA
BS_384CP6RG	BCR--ABL1	Not available	BCR	ABL1	Fusion Tier 1A	"[""""chimerdb_pubmed"""",""""CCLE"""",""""Klijn_CellLines"""",""""chimerdb_omim"""",""""ChimerSeq"""",""""ChimerKB"""",""""FA_CancerSupp"""",""""Cosmic"""",""""Mitelman"""",""""ChimerPub"""",""""INTERCHROMOSOMAL[chr22--chr9]""""]"	Kinase, TumorSuppressorGene, CosmicCensus, Oncogene	Kinase, CosmicCensus, Oncogene, Kinase	TCGAFusion
BS_GN4KPT8N	MYB--GATA1	Not available	MYB	GATA1	Fusion Tier 1A	"[""""Mitelman"""",""""ChimerPub"""",""""INTERCHROMOSOMAL[chr6--chrX]""""]"	CosmicCensus, Oncogene, TranscriptionFactor	CosmicCensus, Oncogene, TranscriptionFactor	NA
BS_JQJNY4PQ	KMT2A--MLLT1	Not available	KMT2A	MLLT1	Fusion Tier 1A	"[""""CCLE"""",""""ChimerKB"""",""""Cosmic"""",""""Mitelman"""",""""INTERCHROMOSOMAL[chr11--chr19]""""]"	CosmicCensus, Oncogene, TranscriptionFactor	CosmicCensus, Oncogene	NA
BS_HEDCVFKC	HMGA2--NCOR2	Not available	HMGA2	NCOR2	Fusion Tier 2	"[""""INTRACHROMOSOMAL[chr12:58.36Mb]""""]"	CosmicCensus, Oncogene, TranscriptionFactor	CosmicCensus, Oncogene	NA
BS_XQASH9X8	ETV6--RUNX1	Not available	ETV6	RUNX1	Fusion Tier 1A	"[""""Cosmic"""",""""chimerdb_omim"""",""""Mitelman"""",""""ChimerSeq"""",""""chimerdb_pubmed"""",""""ChimerKB"""",""""CCLE"""",""""INTERCHROMOSOMAL[chr12--chr21]""""]"	TumorSuppressorGene, CosmicCensus, Oncogene, TranscriptionFactor	TumorSuppressorGene, CosmicCensus, Oncogene, TranscriptionFactor	NA
BS_NVDRTFNN	MBNL1--BCL6	Not available	MBNL1	BCL6	Fusion Tier 2	"[""""GTEx"""",""""INTRACHROMOSOMAL[chr3:35.26Mb]""""]"	NA	CosmicCensus, Oncogene, TranscriptionFactor	NA
BS_GZVXKJ7Q	KMT2A--AFF1	Not available	KMT2A	AFF1	Fusion Tier 1A	"[""""Cosmic"""",""""Mitelman"""",""""ChimerPub"""",""""ChimerSeq"""",""""CCLE"""",""""ChimerKB"""",""""INTERCHROMOSOMAL[chr11--chr4]""""]"	CosmicCensus, Oncogene, TranscriptionFactor	CosmicCensus, Oncogene	NA
BS_V62FBEZ3	TPM3--NTRK1	Not available	TPM3	NTRK1	Fusion Tier 2	"[""""HaasMedCancer"""",""""Klijn_CellLines"""",""""chimerdb_pubmed"""",""""CCLE"""",""""FA_CancerSupp"""",""""ChimerKB"""",""""ChimerSeq"""",""""ChimerPub"""",""""Cosmic"""",""""INTRACHROMOSOMAL[chr1:2.62Mb]""""]"	CosmicCensus, Oncogene	CosmicCensus, Oncogene, Kinase	TCGAFusion
BS_2RGFY8JF	EWSR1--FLI1	Not available	EWSR1	FLI1	Fusion Tier 1A	"[""""CCLE"""",""""Klijn_CellLines"""",""""ChimerKB"""",""""ChimerSeq"""",""""FA_CancerSupp"""",""""ChimerPub"""",""""Mitelman"""",""""Cosmic"""",""""INTERCHROMOSOMAL[chr22--chr11]""""]"	CosmicCensus, Oncogene	CosmicCensus, Oncogene, TranscriptionFactor	NA
BS_P46TYM27	ETV6--RUNX1	Not available	ETV6	RUNX1	Fusion Tier 1A	"[""""Cosmic"""",""""chimerdb_omim"""",""""Mitelman"""",""""ChimerSeq"""",""""chimerdb_pubmed"""",""""ChimerKB"""",""""CCLE"""",""""INTERCHROMOSOMAL[chr12--chr21]""""]"	TumorSuppressorGene, CosmicCensus, Oncogene, TranscriptionFactor	TumorSuppressorGene, CosmicCensus, Oncogene, TranscriptionFactor	NA
BS_P46TYM27	RUNX1--URB1	Not available	RUNX1	URB1	Fusion Tier 2	"[""""INTRACHROMOSOMAL[chr21:2.39Mb]""""]"	TumorSuppressorGene, CosmicCensus, Oncogene, TranscriptionFactor	NA	NA
BS_Y2F7EE4K	EML4--ALK	Not available	EML4	ALK	Fusion Tier 1A	"[""""ChimerPub"""",""""Cosmic"""",""""ChimerKB"""",""""ChimerSeq"""",""""FA_CancerSupp"""",""""YOSHIHARA_TCGA"""",""""CCLE"""",""""chimerdb_pubmed"""",""""HaasMedCancer"""",""""Klijn_CellLines"""",""""INTRACHROMOSOMAL[chr2:12.25Mb]""""]"	CosmicCensus, Oncogene	Kinase, CosmicCensus, Oncogene, Kinase	TCGAFusion
BS_WKD7S669	CBFA2T3--GLIS2	Not available	CBFA2T3	GLIS2	Fusion Tier 1A	"[""""CCLE"""",""""Cosmic"""",""""INTRACHROMOSOMAL[chr16:84.54Mb]""""]"	TumorSuppressorGene, CosmicCensus, Oncogene	TranscriptionFactor	NA
BS_2GZP21DB	TFG--MET	Not available	TFG	MET	Fusion Tier 2	"[""""HaasMedCancer"""",""""ChimerSeq"""",""""INTERCHROMOSOMAL[chr3--chr7]""""]"	CosmicCensus, Oncogene	Kinase, CosmicCensus, Oncogene, Kinase	TCGAFusion
BS_2VF0XYPM	KMT2A--MLLT3	Not available	KMT2A	MLLT3	Fusion Tier 1A	"[""""ChimerPub"""",""""Mitelman"""",""""Cosmic"""",""""CCLE"""",""""ChimerKB"""",""""INTERCHROMOSOMAL[chr11--chr9]""""]"	CosmicCensus, Oncogene, TranscriptionFactor	CosmicCensus, Oncogene	NA
BS_MEHK6P0P	NUP98--NSD1	Not available	NUP98	NSD1	Fusion Tier 1A	"[""""chimerdb_omim"""",""""Mitelman"""",""""ChimerPub"""",""""FA_CancerSupp"""",""""ChimerSeq"""",""""ChimerKB"""",""""chimerdb_pubmed"""",""""INTERCHROMOSOMAL[chr11--chr5]""""]"	TumorSuppressorGene, CosmicCensus, Oncogene	CosmicCensus, Oncogene	TCGAFusion
BS_H8V199HJ	SPECC1L--NTRK3	Not available	SPECC1L	NTRK3	Fusion Tier 2	"[""""INTERCHROMOSOMAL[chr22--chr15]""""]"	NA	TumorSuppressorGene, CosmicCensus, Oncogene, Kinase	NA
BS_3T9WQG94	SET--NUP214	Not available	SET	NUP214	Fusion Tier 2	"[""""ChimerPub"""",""""chimerdb_omim"""",""""Cosmic"""",""""Mitelman"""",""""ChimerKB"""",""""chimerdb_pubmed"""",""""CCLE"""",""""INTRACHROMOSOMAL[chr9:2.43Mb]""""]"	CosmicCensus, Oncogene	CosmicCensus, Oncogene	NA
BS_83FDRPN3	CBFA2T3--GLIS2	Not available	CBFA2T3	GLIS2	Fusion Tier 1A	"[""""CCLE"""",""""Cosmic"""",""""INTRACHROMOSOMAL[chr16:84.54Mb]""""]"	TumorSuppressorGene, CosmicCensus, Oncogene	TranscriptionFactor	NA
BS_AHJ276QN	EBF1--PDGFRB	Not available	EBF1	PDGFRB	Fusion Tier 1A	"[""""Mitelman"""",""""ChimerSeq"""",""""INTRACHROMOSOMAL[chr5:8.54Mb]""""]"	CosmicCensus, Oncogene, TranscriptionFactor	Kinase, CosmicCensus, Oncogene, Kinase	NA
BS_5VQGQDD8	KIAA1549--BRAF	Not available	KIAA1549	BRAF	Fusion Tier 1A	"[""""Cosmic"""",""""ChimerPub"""",""""ChimerSeq"""",""""chimerdb_pubmed"""",""""ChimerKB"""",""""INTRACHROMOSOMAL[chr7:1.74Mb]""""]"	CosmicCensus, Oncogene	Kinase, CosmicCensus, Oncogene, Kinase	TCGAFusion
BS_EM3N5EPR	KIAA1549--BRAF	Not available	KIAA1549	BRAF	Fusion Tier 1A	"[""""Cosmic"""",""""ChimerPub"""",""""ChimerSeq"""",""""chimerdb_pubmed"""",""""ChimerKB"""",""""INTRACHROMOSOMAL[chr7:1.74Mb]""""]"	CosmicCensus, Oncogene	Kinase, CosmicCensus, Oncogene, Kinase	TCGAFusion
BS_QGHDYRYS	KMT2A--MLLT3	Not available	KMT2A	MLLT3	Fusion Tier 1A	"[""""ChimerPub"""",""""Mitelman"""",""""Cosmic"""",""""CCLE"""",""""ChimerKB"""",""""INTERCHROMOSOMAL[chr11--chr9]""""]"	CosmicCensus, Oncogene, TranscriptionFactor	CosmicCensus, Oncogene	NA
BS_64N8DEHG	ETV6--RUNX1	Not available	ETV6	RUNX1	Fusion Tier 1A	"[""""Cosmic"""",""""chimerdb_omim"""",""""Mitelman"""",""""ChimerSeq"""",""""chimerdb_pubmed"""",""""ChimerKB"""",""""CCLE"""",""""INTERCHROMOSOMAL[chr12--chr21]""""]"	TumorSuppressorGene, CosmicCensus, Oncogene, TranscriptionFactor	TumorSuppressorGene, CosmicCensus, Oncogene, TranscriptionFactor	NA
BS_BHY8AB76	BCR--ABL1	Not available	BCR	ABL1	Fusion Tier 1A	"[""""chimerdb_pubmed"""",""""CCLE"""",""""Klijn_CellLines"""",""""chimerdb_omim"""",""""ChimerSeq"""",""""ChimerKB"""",""""FA_CancerSupp"""",""""Cosmic"""",""""Mitelman"""",""""ChimerPub"""",""""INTERCHROMOSOMAL[chr22--chr9]""""]"	Kinase, TumorSuppressorGene, CosmicCensus, Oncogene	Kinase, CosmicCensus, Oncogene, Kinase	TCGAFusion
BS_0SJWJ2VF	KMT2A--MLLT10	Not available	KMT2A	MLLT10	Fusion Tier 1A	"[""""Mitelman"""",""""Cosmic"""",""""HGNC_GENEFAM"""",""""ChimerKB"""",""""ChimerSeq"""",""""INTERCHROMOSOMAL[chr11--chr10]""""]"	CosmicCensus, Oncogene, TranscriptionFactor	CosmicCensus, Oncogene	NA
BS_G9JAJSQG	ETV6--RUNX1	Not available	ETV6	RUNX1	Fusion Tier 1A	"[""""Cosmic"""",""""chimerdb_omim"""",""""Mitelman"""",""""ChimerSeq"""",""""chimerdb_pubmed"""",""""ChimerKB"""",""""CCLE"""",""""INTERCHROMOSOMAL[chr12--chr21]""""]"	TumorSuppressorGene, CosmicCensus, Oncogene, TranscriptionFactor	TumorSuppressorGene, CosmicCensus, Oncogene, TranscriptionFactor	NA
BS_6N1WX5S7	KIAA1549--BRAF	Not available	KIAA1549	BRAF	Fusion Tier 1A	"[""""Cosmic"""",""""ChimerPub"""",""""ChimerSeq"""",""""chimerdb_pubmed"""",""""ChimerKB"""",""""INTRACHROMOSOMAL[chr7:1.74Mb]""""]"	CosmicCensus, Oncogene	Kinase, CosmicCensus, Oncogene, Kinase	TCGAFusion
BS_TEADB60E	ETV6--RUNX1	Not available	ETV6	RUNX1	Fusion Tier 1A	"[""""Cosmic"""",""""chimerdb_omim"""",""""Mitelman"""",""""ChimerSeq"""",""""chimerdb_pubmed"""",""""ChimerKB"""",""""CCLE"""",""""INTERCHROMOSOMAL[chr12--chr21]""""]"	TumorSuppressorGene, CosmicCensus, Oncogene, TranscriptionFactor	TumorSuppressorGene, CosmicCensus, Oncogene, TranscriptionFactor	NA
BS_SPN6T953	TCF3--PBX1	Not available	TCF3	PBX1	Fusion Tier 1A	"[""""ChimerPub"""",""""Mitelman"""",""""Cosmic"""",""""chimerdb_pubmed"""",""""CCLE"""",""""ChimerKB"""",""""ChimerSeq"""",""""INTERCHROMOSOMAL[chr19--chr1]""""]"	TumorSuppressorGene, CosmicCensus, Oncogene, TranscriptionFactor	CosmicCensus, Oncogene, TranscriptionFactor	NA
BS_B1Y3T2TS	KIAA1549--BRAF	Not available	KIAA1549	BRAF	Fusion Tier 1A	"[""""Cosmic"""",""""ChimerPub"""",""""ChimerSeq"""",""""chimerdb_pubmed"""",""""ChimerKB"""",""""INTRACHROMOSOMAL[chr7:1.74Mb]""""]"	CosmicCensus, Oncogene	Kinase, CosmicCensus, Oncogene, Kinase	TCGAFusion
BS_3S713Z0Q	RUNX1--CBR3	Not available	RUNX1	CBR3	Fusion Tier 2	"[""""INTRACHROMOSOMAL[chr21:0.13Mb]""""]"	TumorSuppressorGene, CosmicCensus, Oncogene, TranscriptionFactor	NA	NA
BS_ME2Z7BP2	FILIP1L--USP6	Not available	FILIP1L	USP6	Fusion Tier 2	"[""""INTERCHROMOSOMAL[chr3--chr17]""""]"	NA	CosmicCensus, Oncogene	NA
BS_R96P5GZ6	MBNL1--BCL6	Not available	MBNL1	BCL6	Fusion Tier 3	"[""""GTEx"""",""""INTRACHROMOSOMAL[chr3:35.26Mb]""""]"	NA	CosmicCensus, Oncogene, TranscriptionFactor	NA
BS_Q73GKFAQ	KMT2A--MLLT1	Not available	KMT2A	MLLT1	Fusion Tier 1A	"[""""CCLE"""",""""ChimerKB"""",""""Cosmic"""",""""Mitelman"""",""""INTERCHROMOSOMAL[chr11--chr19]""""]"	CosmicCensus, Oncogene, TranscriptionFactor	CosmicCensus, Oncogene	NA
BS_0ZPC12J7	KIAA1549--BRAF	Not available	KIAA1549	BRAF	Fusion Tier 1A	"[""""Cosmic"""",""""ChimerPub"""",""""ChimerSeq"""",""""chimerdb_pubmed"""",""""ChimerKB"""",""""INTRACHROMOSOMAL[chr7:1.74Mb]""""]"	CosmicCensus, Oncogene	Kinase, CosmicCensus, Oncogene, Kinase	TCGAFusion
BS_J9JFMNEA	ETV6--RUNX1	Not available	ETV6	RUNX1	Fusion Tier 1A	"[""""Cosmic"""",""""chimerdb_omim"""",""""Mitelman"""",""""ChimerSeq"""",""""chimerdb_pubmed"""",""""ChimerKB"""",""""CCLE"""",""""INTERCHROMOSOMAL[chr12--chr21]""""]"	TumorSuppressorGene, CosmicCensus, Oncogene, TranscriptionFactor	TumorSuppressorGene, CosmicCensus, Oncogene, TranscriptionFactor	NA
BS_JDZD619N	KIAA1549--BRAF	Not available	KIAA1549	BRAF	Fusion Tier 1A	"[""""Cosmic"""",""""ChimerPub"""",""""ChimerSeq"""",""""chimerdb_pubmed"""",""""ChimerKB"""",""""INTRACHROMOSOMAL[chr7:1.74Mb]""""]"	CosmicCensus, Oncogene	Kinase, CosmicCensus, Oncogene, Kinase	TCGAFusion
BS_HNBH9HW9	STRN--ALK	Not available	STRN	ALK	Fusion Tier 2	"[""""FA_CancerSupp"""",""""HaasMedCancer"""",""""ChimerSeq"""",""""ChimerKB"""",""""Cosmic"""",""""ChimerPub"""",""""INTRACHROMOSOMAL[chr2:6.92Mb]""""]"	CosmicCensus, Oncogene	Kinase, CosmicCensus, Oncogene, Kinase	TCGAFusion
BS_SQR8P0TR	KMT2A--MLLT1	Not available	KMT2A	MLLT1	Fusion Tier 1A	"[""""CCLE"""",""""ChimerKB"""",""""Cosmic"""",""""Mitelman"""",""""INTERCHROMOSOMAL[chr11--chr19]""""]"	CosmicCensus, Oncogene, TranscriptionFactor	CosmicCensus, Oncogene	NA
BS_KGP4KYYS	LIFR--TERT	Not available	LIFR	TERT	Fusion Tier 2	"[""""INTRACHROMOSOMAL[chr5:37.18Mb]""""]"	TumorSuppressorGene, CosmicCensus, Oncogene	CosmicCensus, Oncogene, Oncogene	NA
BS_Z7Y12BZC	C11orf95--NCOA2	Not available	C11orf95	NCOA2	Fusion Tier 2	"[""""INTERCHROMOSOMAL[chr11--chr8]""""]"	NA	CosmicCensus, Oncogene, TranscriptionFactor	NA
BS_8AKQ9XZH	KCTD16--NTRK2	Not available	KCTD16	NTRK2	Fusion Tier 1A	"[""""INTERCHROMOSOMAL[chr5--chr9]""""]"	NA	Oncogene, Kinase	NA
BS_M07VS4K2	TFG--ROS1	Not available	TFG	ROS1	Fusion Tier 2	"[""""ChimerPub"""",""""INTERCHROMOSOMAL[chr3--chr6]""""]"	CosmicCensus, Oncogene	CosmicCensus, Oncogene, Kinase	NA
BS_8KEV8HDE	C11orf95--RELA	Not available	C11orf95	RELA	Fusion Tier 1A	"[""""INTRACHROMOSOMAL[chr11:1.88Mb]""""]"	NA	Oncogene, TranscriptionFactor	NA
BS_JRY5R8VB	CAPZA2--MET	Not available	CAPZA2	MET	Fusion Tier 2	"[""""YOSHIHARA_TCGA"""",""""Klijn_CellLines"""",""""CCLE"""",""""ChimerSeq"""",""""INTRACHROMOSOMAL[chr7:0.01Mb]"""",""""LOCAL_REARRANGEMENT:+:[12684]""""]"	NA	Kinase, CosmicCensus, Oncogene, Kinase	TCGAFusion
BS_5TZ77K7G	KIAA1549--BRAF	Not available	KIAA1549	BRAF	Fusion Tier 1A	"[""""Cosmic"""",""""ChimerPub"""",""""ChimerSeq"""",""""chimerdb_pubmed"""",""""ChimerKB"""",""""INTRACHROMOSOMAL[chr7:1.74Mb]""""]"	CosmicCensus, Oncogene	Kinase, CosmicCensus, Oncogene, Kinase	TCGAFusion
BS_K5QNZHG2	OPTN--BRAF	Not available	OPTN	BRAF	Fusion Tier 2	"[""""INTERCHROMOSOMAL[chr10--chr7]""""]"	NA	Kinase, CosmicCensus, Oncogene, Kinase	NA
BS_KZ615HBJ	FGFR1--TACC1	Not available	FGFR1	TACC1	Fusion Tier 2	"[""""ChimerSeq"""",""""ChimerKB"""",""""Cosmic"""",""""INTRACHROMOSOMAL[chr8:0.26Mb]""""]"	Kinase, CosmicCensus, Oncogene, Kinase	Oncogene	NA
BS_A04T3EY0	BCR--ABL1	Not available	BCR	ABL1	Fusion Tier 1A	"[""""chimerdb_pubmed"""",""""CCLE"""",""""Klijn_CellLines"""",""""chimerdb_omim"""",""""ChimerSeq"""",""""ChimerKB"""",""""FA_CancerSupp"""",""""Cosmic"""",""""Mitelman"""",""""ChimerPub"""",""""INTERCHROMOSOMAL[chr22--chr9]""""]"	Kinase, TumorSuppressorGene, CosmicCensus, Oncogene	Kinase, CosmicCensus, Oncogene, Kinase	TCGAFusion
BS_FPS9WN53	TRIM24--NTRK2	Not available	TRIM24	NTRK2	Fusion Tier 1A	"[""""ChimerSeq"""",""""INTERCHROMOSOMAL[chr7--chr9]""""]"	TumorSuppressorGene, CosmicCensus, Oncogene	Oncogene, Kinase	TCGAFusion
BS_Q35NMDBH	KIAA1549--BRAF	Not available	KIAA1549	BRAF	Fusion Tier 1A	"[""""Cosmic"""",""""ChimerPub"""",""""ChimerSeq"""",""""chimerdb_pubmed"""",""""ChimerKB"""",""""INTRACHROMOSOMAL[chr7:1.74Mb]""""]"	CosmicCensus, Oncogene	Kinase, CosmicCensus, Oncogene, Kinase	TCGAFusion
BS_10Z4QJA8	FGFR2--INA	Not available	FGFR2	INA	Fusion Tier 2	"[""""INTRACHROMOSOMAL[chr10:18.19Mb]""""]"	Kinase, CosmicCensus, Oncogene, Kinase	NA	NA
BS_1M3M7TGY	KMT2A--AFF1	Not available	KMT2A	AFF1	Fusion Tier 1A	"[""""Cosmic"""",""""Mitelman"""",""""ChimerPub"""",""""ChimerSeq"""",""""CCLE"""",""""ChimerKB"""",""""INTERCHROMOSOMAL[chr11--chr4]""""]"	CosmicCensus, Oncogene, TranscriptionFactor	CosmicCensus, Oncogene	NA
BS_49GXRKB1	KMT2A--USP2	Not available	KMT2A	USP2	Fusion Tier 1A	"[""""ChimerKB"""",""""INTRACHROMOSOMAL[chr11:0.83Mb]""""]"	CosmicCensus, Oncogene, TranscriptionFactor	NA	NA
BS_6WYRSJCK	EWSR1--CREB1	Not available	EWSR1	CREB1	Fusion Tier 2	"[""""ChimerPub"""",""""Mitelman"""",""""Cosmic"""",""""chimerdb_pubmed"""",""""ChimerKB"""",""""INTERCHROMOSOMAL[chr22--chr2]""""]"	CosmicCensus, Oncogene	CosmicCensus, Oncogene, TranscriptionFactor	NA
BS_AX5HFN8M	STRN3--NTRK3	Not available	STRN3	NTRK3	Fusion Tier 2	"[""""INTERCHROMOSOMAL[chr14--chr15]""""]"	NA	TumorSuppressorGene, CosmicCensus, Oncogene, Kinase	NA
BS_3X0C3B98	RIN2--BRAF	Not available	RIN2	BRAF	Fusion Tier 2	"[""""INTERCHROMOSOMAL[chr20--chr7]""""]"	NA	Kinase, CosmicCensus, Oncogene, Kinase	NA
BS_PFADK7HP	KIAA1549--BRAF	Not available	KIAA1549	BRAF	Fusion Tier 1A	"[""""Cosmic"""",""""ChimerPub"""",""""ChimerSeq"""",""""chimerdb_pubmed"""",""""ChimerKB"""",""""INTRACHROMOSOMAL[chr7:1.74Mb]""""]"	CosmicCensus, Oncogene	Kinase, CosmicCensus, Oncogene, Kinase	TCGAFusion
BS_2RSG4S3T	NPM1--ALK	Not available	NPM1	ALK	Fusion Tier 1A	"[""""ChimerKB"""",""""ChimerSeq"""",""""ChimerPub"""",""""Mitelman"""",""""Cosmic"""",""""CCLE"""",""""chimerdb_pubmed"""",""""Klijn_CellLines"""",""""chimerdb_omim"""",""""INTERCHROMOSOMAL[chr5--chr2]""""]"	TumorSuppressorGene, CosmicCensus, Oncogene	Kinase, CosmicCensus, Oncogene, Kinase	NA
BS_YQ2455PK	KMT2A--MLLT10	Not available	KMT2A	MLLT10	Fusion Tier 1A	"[""""Mitelman"""",""""Cosmic"""",""""HGNC_GENEFAM"""",""""ChimerKB"""",""""ChimerSeq"""",""""INTERCHROMOSOMAL[chr11--chr10]""""]"	CosmicCensus, Oncogene, TranscriptionFactor	CosmicCensus, Oncogene	NA
BS_JRA090H1	KIAA1549--BRAF	Not available	KIAA1549	BRAF	Fusion Tier 1A	"[""""Cosmic"""",""""ChimerPub"""",""""ChimerSeq"""",""""chimerdb_pubmed"""",""""ChimerKB"""",""""INTRACHROMOSOMAL[chr7:1.74Mb]""""]"	CosmicCensus, Oncogene	Kinase, CosmicCensus, Oncogene, Kinase	TCGAFusion
BS_3RNPMRT5	KIAA1549--BRAF	Not available	KIAA1549	BRAF	Fusion Tier 1A	"[""""Cosmic"""",""""ChimerPub"""",""""ChimerSeq"""",""""chimerdb_pubmed"""",""""ChimerKB"""",""""INTRACHROMOSOMAL[chr7:1.74Mb]""""]"	CosmicCensus, Oncogene	Kinase, CosmicCensus, Oncogene, Kinase	TCGAFusion
BS_YKEK4YWT	C11orf95--RELA	Not available	C11orf95	RELA	Fusion Tier 1A	"[""""INTRACHROMOSOMAL[chr11:1.88Mb]""""]"	NA	Oncogene, TranscriptionFactor	NA
BS_1PJNHRVK	LPP--BCL6	Not available	LPP	BCL6	Fusion Tier 3	"[""""GTEx"""",""""Mitelman"""",""""INTRACHROMOSOMAL[chr3:0.41Mb]""""]"	CosmicCensus, Oncogene	CosmicCensus, Oncogene, TranscriptionFactor	NA
BS_1PJNHRVK	NR3C1--ARHGAP26	Not available	NR3C1	ARHGAP26	Fusion Tier 3	"[""""Klijn_CellLines"""",""""INTRACHROMOSOMAL[chr5:0.05Mb]"""",""""LOCAL_INVERSION:-:+:[48920]""""]"	TranscriptionFactor	CosmicCensus, Oncogene	NA
BS_2SZXYX72	KIAA1549--BRAF	Not available	KIAA1549	BRAF	Fusion Tier 1A	"[""""Cosmic"""",""""ChimerPub"""",""""ChimerSeq"""",""""chimerdb_pubmed"""",""""ChimerKB"""",""""INTRACHROMOSOMAL[chr7:1.74Mb]""""]"	CosmicCensus, Oncogene	Kinase, CosmicCensus, Oncogene, Kinase	TCGAFusion
BS_FKJB6XAY	PPP1CB--ALK	Not available	PPP1CB	ALK	Fusion Tier 2	"[""""INTRACHROMOSOMAL[chr2:0.39Mb]""""]"	NA	Kinase, CosmicCensus, Oncogene, Kinase	NA
BS_9E13A1V4	P2RY8--CRLF2	Not available	P2RY8	CRLF2	Fusion Tier 1A	"[""""HGNC_GENEFAM"""",""""Mitelman"""",""""ChimerPub"""",""""INTRACHROMOSOMAL[chrX:0.25Mb]""""]"	CosmicCensus, Oncogene	CosmicCensus, Oncogene	NA
BS_6E3DP8JQ	ETV6--NTRK3	Not available	ETV6	NTRK3	Fusion Tier 1A	"[""""chimerdb_omim"""",""""Larsson_TCGA"""",""""YOSHIHARA_TCGA"""",""""chimerdb_pubmed"""",""""HaasMedCancer"""",""""Cosmic"""",""""ChimerPub"""",""""ChimerSeq"""",""""ChimerKB"""",""""FA_CancerSupp"""",""""INTERCHROMOSOMAL[chr12--chr15]""""]"	TumorSuppressorGene, CosmicCensus, Oncogene, TranscriptionFactor	TumorSuppressorGene, CosmicCensus, Oncogene, Kinase	TCGAFusion
BS_NFJ4WJET	RBM15--MKL1	Not available	RBM15	MKL1	Fusion Tier 1A	"[""""ChimerKB"""",""""chimerdb_pubmed"""",""""ChimerSeq"""",""""ChimerPub"""",""""chimerdb_omim"""",""""Mitelman"""",""""INTERCHROMOSOMAL[chr1--chr22]""""]"	CosmicCensus, Oncogene	Oncogene	NA
BS_5G9R3W7D	KIAA1549--BRAF	Not available	KIAA1549	BRAF	Fusion Tier 1A	"[""""Cosmic"""",""""ChimerPub"""",""""ChimerSeq"""",""""chimerdb_pubmed"""",""""ChimerKB"""",""""INTRACHROMOSOMAL[chr7:1.74Mb]""""]"	CosmicCensus, Oncogene	Kinase, CosmicCensus, Oncogene, Kinase	TCGAFusion
BS_SZP0QKC0	EPOR--IGHG1	Not available	EPOR	IGHG1	Fusion Tier 2	"[""""INTERCHROMOSOMAL[chr19--chr14]""""]"	Oncogene	Oncogene	NA
BS_QE3PPHEA	KMT2A--MLLT3	Not available	KMT2A	MLLT3	Fusion Tier 1A	"[""""ChimerPub"""",""""Mitelman"""",""""Cosmic"""",""""CCLE"""",""""ChimerKB"""",""""INTERCHROMOSOMAL[chr11--chr9]""""]"	CosmicCensus, Oncogene, TranscriptionFactor	CosmicCensus, Oncogene	NA
BS_ZKGXVT4C	KIAA1549--BRAF	Not available	KIAA1549	BRAF	Fusion Tier 1A	"[""""Cosmic"""",""""ChimerPub"""",""""ChimerSeq"""",""""chimerdb_pubmed"""",""""ChimerKB"""",""""INTRACHROMOSOMAL[chr7:1.74Mb]""""]"	CosmicCensus, Oncogene	Kinase, CosmicCensus, Oncogene, Kinase	TCGAFusion
BS_QPEM4R0A	KIAA1549--BRAF	Not available	KIAA1549	BRAF	Fusion Tier 1A	"[""""Cosmic"""",""""ChimerPub"""",""""ChimerSeq"""",""""chimerdb_pubmed"""",""""ChimerKB"""",""""INTRACHROMOSOMAL[chr7:1.74Mb]""""]"	CosmicCensus, Oncogene	Kinase, CosmicCensus, Oncogene, Kinase	TCGAFusion
BS_CD3ZTRKT	ETV6--NTRK3	Not available	ETV6	NTRK3	Fusion Tier 1A	"[""""chimerdb_omim"""",""""Larsson_TCGA"""",""""YOSHIHARA_TCGA"""",""""chimerdb_pubmed"""",""""HaasMedCancer"""",""""Cosmic"""",""""ChimerPub"""",""""ChimerSeq"""",""""ChimerKB"""",""""FA_CancerSupp"""",""""INTERCHROMOSOMAL[chr12--chr15]""""]"	TumorSuppressorGene, CosmicCensus, Oncogene, TranscriptionFactor	TumorSuppressorGene, CosmicCensus, Oncogene, Kinase	TCGAFusion
BS_3NZ43CKW	SQSTM1--NTRK3	Not available	SQSTM1	NTRK3	Fusion Tier 1A	"[""""HaasMedCancer"""",""""INTERCHROMOSOMAL[chr5--chr15]""""]"	NA	TumorSuppressorGene, CosmicCensus, Oncogene, Kinase	NA
BS_B7X6CHSD	ETV6--NTRK3	Not available	ETV6	NTRK3	Fusion Tier 1A	"[""""chimerdb_omim"""",""""Larsson_TCGA"""",""""YOSHIHARA_TCGA"""",""""chimerdb_pubmed"""",""""HaasMedCancer"""",""""Cosmic"""",""""ChimerPub"""",""""ChimerSeq"""",""""ChimerKB"""",""""FA_CancerSupp"""",""""INTERCHROMOSOMAL[chr12--chr15]""""]"	TumorSuppressorGene, CosmicCensus, Oncogene, TranscriptionFactor	TumorSuppressorGene, CosmicCensus, Oncogene, Kinase	TCGAFusion
BS_W1EMBRBQ	P2RY8--CRLF2	Not available	P2RY8	CRLF2	Fusion Tier 1A	"[""""HGNC_GENEFAM"""",""""Mitelman"""",""""ChimerPub"""",""""INTRACHROMOSOMAL[chrX:0.25Mb]""""]"	CosmicCensus, Oncogene	CosmicCensus, Oncogene	NA
BS_18ARG9JQ	RUFY2--RET	Not available	RUFY2	RET	Fusion Tier 2	"[""""ChimerPub"""",""""INTRACHROMOSOMAL[chr10:25.21Mb]""""]"	NA	Kinase, CosmicCensus, Oncogene, Kinase	NA
BS_K7HBDY7X	KIAA1549--BRAF	Not available	KIAA1549	BRAF	Fusion Tier 1A	"[""""Cosmic"""",""""ChimerPub"""",""""ChimerSeq"""",""""chimerdb_pubmed"""",""""ChimerKB"""",""""INTRACHROMOSOMAL[chr7:1.74Mb]""""]"	CosmicCensus, Oncogene	Kinase, CosmicCensus, Oncogene, Kinase	TCGAFusion
BS_VGQVV0M9	KMT2A--MLLT6	Not available	KMT2A	MLLT6	Fusion Tier 1A	"[""""ChimerKB"""",""""HGNC_GENEFAM"""",""""Mitelman"""",""""Cosmic"""",""""INTERCHROMOSOMAL[chr11--chr17]""""]"	CosmicCensus, Oncogene, TranscriptionFactor	CosmicCensus, Oncogene	NA
BS_TK4YJ5AM	PPFIBP1--ALK	Not available	PPFIBP1	ALK	Fusion Tier 1A	"[""""ChimerPub"""",""""Cosmic"""",""""ChimerKB"""",""""ChimerSeq"""",""""INTERCHROMOSOMAL[chr12--chr2]""""]"	CosmicCensus, Oncogene	Kinase, CosmicCensus, Oncogene, Kinase	NA
BS_E2VFCQF7	KIAA1549--BRAF	Not available	KIAA1549	BRAF	Fusion Tier 1A	"[""""Cosmic"""",""""ChimerPub"""",""""ChimerSeq"""",""""chimerdb_pubmed"""",""""ChimerKB"""",""""INTRACHROMOSOMAL[chr7:1.74Mb]""""]"	CosmicCensus, Oncogene	Kinase, CosmicCensus, Oncogene, Kinase	TCGAFusion
BS_S21QTJGH	KIAA1549--BRAF	Not available	KIAA1549	BRAF	Fusion Tier 1A	"[""""Cosmic"""",""""ChimerPub"""",""""ChimerSeq"""",""""chimerdb_pubmed"""",""""ChimerKB"""",""""INTRACHROMOSOMAL[chr7:1.74Mb]""""]"	CosmicCensus, Oncogene	Kinase, CosmicCensus, Oncogene, Kinase	TCGAFusion
BS_TPFF7BZ1	ZNF618--NUTM1	Not available	ZNF618	NUTM1	Fusion Tier 2	"[""""INTERCHROMOSOMAL[chr9--chr15]""""]"	TranscriptionFactor	CosmicCensus, Oncogene	NA
BS_JR0BT8A5	EWSR1--FLI1	Not available	EWSR1	FLI1	Fusion Tier 1A	"[""""CCLE"""",""""Klijn_CellLines"""",""""ChimerKB"""",""""ChimerSeq"""",""""FA_CancerSupp"""",""""ChimerPub"""",""""Mitelman"""",""""Cosmic"""",""""INTERCHROMOSOMAL[chr22--chr11]""""]"	CosmicCensus, Oncogene	CosmicCensus, Oncogene, TranscriptionFactor	NA
BS_3CYYQHE1	PICALM--MLLT10	Not available	PICALM	MLLT10	Fusion Tier 1A	"[""""Mitelman"""",""""ChimerPub"""",""""YOSHIHARA_TCGA"""",""""ChimerSeq"""",""""ChimerKB"""",""""CCLE"""",""""Klijn_CellLines"""",""""INTERCHROMOSOMAL[chr11--chr10]""""]"	CosmicCensus, Oncogene	CosmicCensus, Oncogene	TCGAFusion
BS_643G4VR8	PML--RARA	Not available	PML	RARA	Fusion Tier 1A	"[""""YOSHIHARA_TCGA"""",""""chimerdb_omim"""",""""chimerdb_pubmed"""",""""CCLE"""",""""Cosmic"""",""""Mitelman"""",""""ChimerPub"""",""""FA_CancerSupp"""",""""ChimerSeq"""",""""ChimerKB"""",""""INTERCHROMOSOMAL[chr15--chr17]""""]"	TumorSuppressorGene, CosmicCensus, Oncogene	CosmicCensus, Oncogene, TranscriptionFactor	TCGAFusion
BS_547ZPRTX	SET--NUP214	Not available	SET	NUP214	Fusion Tier 2	"[""""ChimerPub"""",""""chimerdb_omim"""",""""Cosmic"""",""""Mitelman"""",""""ChimerKB"""",""""chimerdb_pubmed"""",""""CCLE"""",""""INTRACHROMOSOMAL[chr9:2.43Mb]""""]"	CosmicCensus, Oncogene	CosmicCensus, Oncogene	NA
BS_FCW2QKPY	CCDC6--RET	Not available	CCDC6	RET	Fusion Tier 1A	"[""""ChimerSeq"""",""""ChimerKB"""",""""FA_CancerSupp"""",""""Cosmic"""",""""Mitelman"""",""""ChimerPub"""",""""HaasMedCancer"""",""""Larsson_TCGA"""",""""YOSHIHARA_TCGA"""",""""INTRACHROMOSOMAL[chr10:16.66Mb]""""]"	CosmicCensus, Oncogene	Kinase, CosmicCensus, Oncogene, Kinase	TCGAFusion
BS_AH9FHVFQ	RUNX1--RUNX1T1	Not available	RUNX1	RUNX1T1	Fusion Tier 1A	"[""""Mitelman"""",""""FA_CancerSupp"""",""""ChimerSeq"""",""""ChimerKB"""",""""YOSHIHARA_TCGA"""",""""chimerdb_omim"""",""""Klijn_CellLines"""",""""chimerdb_pubmed"""",""""CCLE"""",""""INTERCHROMOSOMAL[chr21--chr8]""""]"	TumorSuppressorGene, CosmicCensus, Oncogene, TranscriptionFactor	CosmicCensus, Oncogene	TCGAFusion
BS_XH8RH1XM	VIM--CSF1R	Not available	VIM	CSF1R	Fusion Tier 3	"[""""INTERCHROMOSOMAL[chr10--chr5]""""]"	TumorSuppressorGene	CosmicCensus, Oncogene, Kinase	NA
BS_VCKWSMTA	KIAA1549--BRAF	Not available	KIAA1549	BRAF	Fusion Tier 1A	"[""""Cosmic"""",""""ChimerPub"""",""""ChimerSeq"""",""""chimerdb_pubmed"""",""""ChimerKB"""",""""INTRACHROMOSOMAL[chr7:1.74Mb]""""]"	CosmicCensus, Oncogene	Kinase, CosmicCensus, Oncogene, Kinase	TCGAFusion
BS_4JN5WWX9	KIAA1549--BRAF	Not available	KIAA1549	BRAF	Fusion Tier 1A	"[""""Cosmic"""",""""ChimerPub"""",""""ChimerSeq"""",""""chimerdb_pubmed"""",""""ChimerKB"""",""""INTRACHROMOSOMAL[chr7:1.74Mb]""""]"	CosmicCensus, Oncogene	Kinase, CosmicCensus, Oncogene, Kinase	TCGAFusion
BS_03XEXKME	YWHAE--NUTM2B	Not available	YWHAE	NUTM2B	Fusion Tier 2	"[""""ChimerKB"""",""""Cosmic"""",""""ChimerPub"""",""""INTERCHROMOSOMAL[chr17--chr10]""""]"	CosmicCensus, Oncogene	CosmicCensus, Oncogene	NA
BS_AEPFMP61	KIAA1549--BRAF	Not available	KIAA1549	BRAF	Fusion Tier 1A	"[""""Cosmic"""",""""ChimerPub"""",""""ChimerSeq"""",""""chimerdb_pubmed"""",""""ChimerKB"""",""""INTRACHROMOSOMAL[chr7:1.74Mb]""""]"	CosmicCensus, Oncogene	Kinase, CosmicCensus, Oncogene, Kinase	TCGAFusion
BS_B4W2FC5F	STIL--TAL1	Not available	STIL	TAL1	Fusion Tier 2	"[""""ConjoinG"""",""""Cosmic"""",""""Mitelman"""",""""chimerdb_pubmed"""",""""ChimerKB"""",""""INTRACHROMOSOMAL[chr1:0.02Mb]"""",""""NEIGHBORS[17919]""""]"	CosmicCensus, Oncogene	CosmicCensus, Oncogene, TranscriptionFactor	NA
BS_ZP6JNHT3	PAX7--FOXO1	Not available	PAX7	FOXO1	Fusion Tier 1A	"[""""chimerdb_pubmed"""",""""ChimerKB"""",""""ChimerSeq"""",""""ChimerPub"""",""""Mitelman"""",""""chimerdb_omim"""",""""Cosmic"""",""""INTERCHROMOSOMAL[chr1--chr13]""""]"	CosmicCensus, Oncogene, TranscriptionFactor	TumorSuppressorGene, CosmicCensus, Oncogene, TranscriptionFactor	NA
BS_TNFDFFR2	ETV6--RUNX1	Not available	ETV6	RUNX1	Fusion Tier 1A	"[""""Cosmic"""",""""chimerdb_omim"""",""""Mitelman"""",""""ChimerSeq"""",""""chimerdb_pubmed"""",""""ChimerKB"""",""""CCLE"""",""""INTERCHROMOSOMAL[chr12--chr21]""""]"	TumorSuppressorGene, CosmicCensus, Oncogene, TranscriptionFactor	TumorSuppressorGene, CosmicCensus, Oncogene, TranscriptionFactor	NA
BS_0TN4ABA8	ADCK4--NUMBL	Not available	ADCK4	NUMBL	Unknown	"[""""Babiceanu_Normal""""]"	Kinase	NA	NA
BS_1GEVH8SJ	EWSR1--FLI1	Not available	EWSR1	FLI1	Unknown	"[""""CCLE"""",""""Klijn_CellLines"""",""""ChimerKB"""",""""ChimerSeq"""",""""FA_CancerSupp"""",""""ChimerPub"""",""""Mitelman"""",""""Cosmic"""",""""INTERCHROMOSOMAL[chr22--chr11]""""]"	CosmicCensus, Oncogene	CosmicCensus, Oncogene, TranscriptionFactor	NA
BS_2FRSBDVX	CRKL--RAF1	Not available	CRKL	RAF1	Unknown	"[""""INTERCHROMOSOMAL[chr22--chr3]""""]"	Oncogene	Kinase, CosmicCensus, Oncogene, Kinase	NA
BS_2FRSBDVX	RAF1--CRKL	Not available	RAF1	CRKL	Unknown	"[""""INTERCHROMOSOMAL[chr3--chr22]""""]"	Kinase, CosmicCensus, Oncogene, Kinase	Oncogene	NA
BS_2PEY9Y3X	KIAA1549--BRAF	Not available	KIAA1549	BRAF	Unknown	"[""""Cosmic"""",""""ChimerPub"""",""""ChimerSeq"""",""""chimerdb_pubmed"""",""""ChimerKB"""",""""INTRACHROMOSOMAL[chr7:1.74Mb]""""]"	CosmicCensus, Oncogene	Kinase, CosmicCensus, Oncogene, Kinase	TCGAFusion
BS_2WD073MX	ETV6--PTCD1	Not available	ETV6	PTCD1	Unknown	"[""""INTERCHROMOSOMAL[chr12--chr7]""""]"	TumorSuppressorGene, CosmicCensus, Oncogene, TranscriptionFactor	NA	NA
BS_3MP03QK2	KIAA1549--BRAF	Not available	KIAA1549	BRAF	Unknown	"[""""Cosmic"""",""""ChimerPub"""",""""ChimerSeq"""",""""chimerdb_pubmed"""",""""ChimerKB"""",""""INTRACHROMOSOMAL[chr7:1.74Mb]""""]"	CosmicCensus, Oncogene	Kinase, CosmicCensus, Oncogene, Kinase	TCGAFusion
BS_3VQFEN39	MALAT1--GLI1	Not available	MALAT1	GLI1	Unknown	"[""""HaasMedCancer"""",""""INTERCHROMOSOMAL[chr11--chr12]""""]"	CosmicCensus, Oncogene	TumorSuppressorGene, CosmicCensus, Oncogene, TranscriptionFactor	NA
BS_3VQFEN39	HMGA2--MSRB3	Not available	HMGA2	MSRB3	Unknown	"[""""FA_CancerSupp"""",""""CCLE"""",""""INTRACHROMOSOMAL[chr12:0.34Mb]""""]"	CosmicCensus, Oncogene, TranscriptionFactor	NA	NA
BS_W6KTNJBM	EWSR1--FLI1	Not available	EWSR1	FLI1	Unknown	"[""""CCLE"""",""""Klijn_CellLines"""",""""ChimerKB"""",""""ChimerSeq"""",""""FA_CancerSupp"""",""""ChimerPub"""",""""Mitelman"""",""""Cosmic"""",""""INTERCHROMOSOMAL[chr22--chr11]""""]"	CosmicCensus, Oncogene	CosmicCensus, Oncogene, TranscriptionFactor	NA
BS_CGN9W4GJ	ERC1--RET	Not available	ERC1	RET	Unknown	"[""""YOSHIHARA_TCGA"""",""""Cosmic"""",""""chimerdb_omim"""",""""Larsson_TCGA"""",""""HaasMedCancer"""",""""ChimerKB"""",""""ChimerSeq"""",""""INTERCHROMOSOMAL[chr12--chr10]""""]"	CosmicCensus, Oncogene	Kinase, CosmicCensus, Oncogene, Kinase	TCGAFusion
BS_5GSFVQ98	KMT2E--MET	Not available	KMT2E	MET	Unknown	"[""""INTRACHROMOSOMAL[chr7:11.56Mb]""""]"	NA	Kinase, CosmicCensus, Oncogene, Kinase	NA
BS_DTXY52GG	RUNX1--DSCR10	Not available	RUNX1	DSCR10	Unknown	"[""""INTRACHROMOSOMAL[chr21:2.20Mb]""""]"	TumorSuppressorGene, CosmicCensus, Oncogene, TranscriptionFactor	NA	NA
BS_K4M88G0Y	KIAA1549--BRAF	Not available	KIAA1549	BRAF	Unknown	"[""""Cosmic"""",""""ChimerPub"""",""""ChimerSeq"""",""""chimerdb_pubmed"""",""""ChimerKB"""",""""INTRACHROMOSOMAL[chr7:1.74Mb]""""]"	CosmicCensus, Oncogene	Kinase, CosmicCensus, Oncogene, Kinase	TCGAFusion
BS_THJNRGK6	KIAA1549--BRAF	Not available	KIAA1549	BRAF	Unknown	"[""""Cosmic"""",""""ChimerPub"""",""""ChimerSeq"""",""""chimerdb_pubmed"""",""""ChimerKB"""",""""INTRACHROMOSOMAL[chr7:1.74Mb]""""]"	CosmicCensus, Oncogene	Kinase, CosmicCensus, Oncogene, Kinase	TCGAFusion
BS_WF6XD83K	KIAA1549--BRAF	Not available	KIAA1549	BRAF	Unknown	"[""""Cosmic"""",""""ChimerPub"""",""""ChimerSeq"""",""""chimerdb_pubmed"""",""""ChimerKB"""",""""INTRACHROMOSOMAL[chr7:1.74Mb]""""]"	CosmicCensus, Oncogene	Kinase, CosmicCensus, Oncogene, Kinase	TCGAFusion
BS_WC096WYV	KIAA1549--BRAF	Not available	KIAA1549	BRAF	Unknown	"[""""Cosmic"""",""""ChimerPub"""",""""ChimerSeq"""",""""chimerdb_pubmed"""",""""ChimerKB"""",""""INTRACHROMOSOMAL[chr7:1.74Mb]""""]"	CosmicCensus, Oncogene	Kinase, CosmicCensus, Oncogene, Kinase	TCGAFusion
BS_Y5F08V7Z	KIAA1549--BRAF	Not available	KIAA1549	BRAF	Unknown	"[""""Cosmic"""",""""ChimerPub"""",""""ChimerSeq"""",""""chimerdb_pubmed"""",""""ChimerKB"""",""""INTRACHROMOSOMAL[chr7:1.74Mb]""""]"	CosmicCensus, Oncogene	Kinase, CosmicCensus, Oncogene, Kinase	TCGAFusion
BS_ZM1SF5T1	DCTN1--ALK	Not available	DCTN1	ALK	Unknown	"[""""ChimerPub"""",""""Cosmic"""",""""ChimerKB"""",""""ChimerSeq"""",""""INTRACHROMOSOMAL[chr2:44.44Mb]""""]"	CosmicCensus	Kinase, CosmicCensus, Oncogene, Kinase	NA
BS_7CPZ4D6Y	ETV6--RUNX1	Not available	ETV6	RUNX1	Unknown	"[""""Cosmic"""",""""chimerdb_omim"""",""""Mitelman"""",""""ChimerSeq"""",""""chimerdb_pubmed"""",""""ChimerKB"""",""""CCLE"""",""""INTERCHROMOSOMAL[chr12--chr21]""""]"	TumorSuppressorGene, CosmicCensus, Oncogene, TranscriptionFactor	TumorSuppressorGene, CosmicCensus, Oncogene, TranscriptionFactor	NA
BS_HWCMYANE	KIAA1549--BRAF	Not available	KIAA1549	BRAF	Unknown	"[""""Cosmic"""",""""ChimerPub"""",""""ChimerSeq"""",""""chimerdb_pubmed"""",""""ChimerKB"""",""""INTRACHROMOSOMAL[chr7:1.74Mb]""""]"	CosmicCensus, Oncogene	Kinase, CosmicCensus, Oncogene, Kinase	TCGAFusion
BS_H2KQ9N7E	GNAI1--BRAF	Not available	GNAI1	BRAF	Unknown	"[""""ChimerKB"""",""""Cosmic"""",""""INTRACHROMOSOMAL[chr7:60.50Mb]""""]"	NA	Kinase, CosmicCensus, Oncogene, Kinase	NA
BS_7K0S0P7N	KANK1--NTRK2	Not available	KANK1	NTRK2	Unknown	"[""""INTRACHROMOSOMAL[chr9:83.92Mb]""""]"	TumorSuppressorGene	Oncogene, Kinase	NA
BS_90NXV63H	TFG--ADGRG7	Not available	TFG	ADGRG7	Unknown	"[""""FA_CancerSupp"""",""""ChimerSeq"""",""""INTRACHROMOSOMAL[chr3:0.01Mb]"""",""""LOCAL_REARRANGEMENT:+:[13852]""""]"	CosmicCensus, Oncogene	NA	NA
BS_614SHB8R	KIAA1549--BRAF	Not available	KIAA1549	BRAF	Unknown	"[""""Cosmic"""",""""ChimerPub"""",""""ChimerSeq"""",""""chimerdb_pubmed"""",""""ChimerKB"""",""""INTRACHROMOSOMAL[chr7:1.74Mb]""""]"	CosmicCensus, Oncogene	Kinase, CosmicCensus, Oncogene, Kinase	TCGAFusion
BS_6FCA7BJ2	QKI--RAF1	Not available	QKI	RAF1	Unknown	"[""""INTERCHROMOSOMAL[chr6--chr3]""""]"	TumorSuppressorGene, CosmicCensus	Kinase, CosmicCensus, Oncogene, Kinase	NA
BS_KXT2JPE2	KIAA1549--BRAF	Not available	KIAA1549	BRAF	Unknown	"[""""Cosmic"""",""""ChimerPub"""",""""ChimerSeq"""",""""chimerdb_pubmed"""",""""ChimerKB"""",""""INTRACHROMOSOMAL[chr7:1.74Mb]""""]"	CosmicCensus, Oncogene	Kinase, CosmicCensus, Oncogene, Kinase	TCGAFusion
BS_HQ7C5E3D	ATP5L--KMT2A	Not available	ATP5L	KMT2A	Unknown	"[""""INTRACHROMOSOMAL[chr11:0.00Mb]"""",""""NEIGHBORS[4994]""""]"	NA	CosmicCensus, Oncogene, TranscriptionFactor	NA
BS_Q5QWEKVP	KIAA1549--BRAF	Not available	KIAA1549	BRAF	Unknown	"[""""Cosmic"""",""""ChimerPub"""",""""ChimerSeq"""",""""chimerdb_pubmed"""",""""ChimerKB"""",""""INTRACHROMOSOMAL[chr7:1.74Mb]""""]"	CosmicCensus, Oncogene	Kinase, CosmicCensus, Oncogene, Kinase	TCGAFusion
BS_VP1W70ZV	FGFR2--SOGA1	Not available	FGFR2	SOGA1	Unknown	"[""""INTERCHROMOSOMAL[chr10--chr20]""""]"	Kinase, CosmicCensus, Oncogene, Kinase	NA	NA
BS_EW9QPBWT	COL1A1--USP6	Not available	COL1A1	USP6	Unknown	"[""""ChimerKB"""",""""chimerdb_pubmed"""",""""ChimerSeq"""",""""Cosmic"""",""""INTRACHROMOSOMAL[chr17:45.01Mb]""""]"	CosmicCensus, Oncogene	CosmicCensus, Oncogene	NA
BS_ZCNRWXQ0	KIAA1549--BRAF	Not available	KIAA1549	BRAF	Unknown	"[""""Cosmic"""",""""ChimerPub"""",""""ChimerSeq"""",""""chimerdb_pubmed"""",""""ChimerKB"""",""""INTRACHROMOSOMAL[chr7:1.74Mb]""""]"	CosmicCensus, Oncogene	Kinase, CosmicCensus, Oncogene, Kinase	TCGAFusion
BS_S50ARG81	KIAA1549--BRAF	Not available	KIAA1549	BRAF	Unknown	"[""""Cosmic"""",""""ChimerPub"""",""""ChimerSeq"""",""""chimerdb_pubmed"""",""""ChimerKB"""",""""INTRACHROMOSOMAL[chr7:1.74Mb]""""]"	CosmicCensus, Oncogene	Kinase, CosmicCensus, Oncogene, Kinase	TCGAFusion
BS_FZJYF57K	KIAA1549--BRAF	Not available	KIAA1549	BRAF	Unknown	"[""""Cosmic"""",""""ChimerPub"""",""""ChimerSeq"""",""""chimerdb_pubmed"""",""""ChimerKB"""",""""INTRACHROMOSOMAL[chr7:1.74Mb]""""]"	CosmicCensus, Oncogene	Kinase, CosmicCensus, Oncogene, Kinase	TCGAFusion
BS_BCWFRX8D	KIAA1549--BRAF	Not available	KIAA1549	BRAF	Unknown	"[""""Cosmic"""",""""ChimerPub"""",""""ChimerSeq"""",""""chimerdb_pubmed"""",""""ChimerKB"""",""""INTRACHROMOSOMAL[chr7:1.74Mb]""""]"	CosmicCensus, Oncogene	Kinase, CosmicCensus, Oncogene, Kinase	TCGAFusion
BS_99CQWD5N	BCR--ABL1	Not available	BCR	ABL1	Unknown	"[""""chimerdb_pubmed"""",""""CCLE"""",""""Klijn_CellLines"""",""""chimerdb_omim"""",""""ChimerSeq"""",""""ChimerKB"""",""""FA_CancerSupp"""",""""Cosmic"""",""""Mitelman"""",""""ChimerPub"""",""""INTERCHROMOSOMAL[chr22--chr9]""""]"	Kinase, TumorSuppressorGene, CosmicCensus, Oncogene	Kinase, CosmicCensus, Oncogene, Kinase	TCGAFusion
BS_99CQWD5N	ABL1--BCR	Not available	ABL1	BCR	Unknown	"[""""chimerdb_omim"""",""""YOSHIHARA_TCGA"""",""""chimerdb_pubmed"""",""""CCLE"""",""""Klijn_CellLines"""",""""ChimerPub"""",""""ChimerSeq"""",""""ChimerKB"""",""""FA_CancerSupp"""",""""INTERCHROMOSOMAL[chr9--chr22]""""]"	Kinase, CosmicCensus, Oncogene, Kinase	Kinase, TumorSuppressorGene, CosmicCensus, Oncogene	TCGAFusion
BS_PR6Q0EEQ	KIAA1549--BRAF	Not available	KIAA1549	BRAF	Unknown	"[""""Cosmic"""",""""ChimerPub"""",""""ChimerSeq"""",""""chimerdb_pubmed"""",""""ChimerKB"""",""""INTRACHROMOSOMAL[chr7:1.74Mb]""""]"	CosmicCensus, Oncogene	Kinase, CosmicCensus, Oncogene, Kinase	TCGAFusion
BS_FC74DGPX	CIC--DUX4	Not available	CIC	DUX4	Unknown	"[""""Mitelman"""",""""chimerdb_pubmed"""",""""ChimerKB"""",""""INTERCHROMOSOMAL[chr19--chr4]""""]"	TumorSuppressorGene, CosmicCensus, Oncogene, TranscriptionFactor	Oncogene, TranscriptionFactor	NA
BS_Q80SZDZS	KMT2A--MLLT10	Not available	KMT2A	MLLT10	Unknown	"[""""Mitelman"""",""""Cosmic"""",""""HGNC_GENEFAM"""",""""ChimerKB"""",""""ChimerSeq"""",""""INTERCHROMOSOMAL[chr11--chr10]""""]"	CosmicCensus, Oncogene, TranscriptionFactor	CosmicCensus, Oncogene	NA
BS_XVMYD065	KIAA1549--BRAF	Not available	KIAA1549	BRAF	Unknown	"[""""Cosmic"""",""""ChimerPub"""",""""ChimerSeq"""",""""chimerdb_pubmed"""",""""ChimerKB"""",""""INTRACHROMOSOMAL[chr7:1.74Mb]""""]"	CosmicCensus, Oncogene	Kinase, CosmicCensus, Oncogene, Kinase	TCGAFusion
BS_QK85RWGK	KIAA1549--BRAF	Not available	KIAA1549	BRAF	Unknown	"[""""Cosmic"""",""""ChimerPub"""",""""ChimerSeq"""",""""chimerdb_pubmed"""",""""ChimerKB"""",""""INTRACHROMOSOMAL[chr7:1.74Mb]""""]"	CosmicCensus, Oncogene	Kinase, CosmicCensus, Oncogene, Kinase	TCGAFusion
BS_QD2AZRR0	KIAA1549--BRAF	Not available	KIAA1549	BRAF	Unknown	"[""""Cosmic"""",""""ChimerPub"""",""""ChimerSeq"""",""""chimerdb_pubmed"""",""""ChimerKB"""",""""INTRACHROMOSOMAL[chr7:1.74Mb]""""]"	CosmicCensus, Oncogene	Kinase, CosmicCensus, Oncogene, Kinase	TCGAFusion
BS_RKKEPMBN	KIAA1549--BRAF	Not available	KIAA1549	BRAF	Unknown	"[""""Cosmic"""",""""ChimerPub"""",""""ChimerSeq"""",""""chimerdb_pubmed"""",""""ChimerKB"""",""""INTRACHROMOSOMAL[chr7:1.74Mb]""""]"	CosmicCensus, Oncogene	Kinase, CosmicCensus, Oncogene, Kinase	TCGAFusion
BS_4CADZHM6	LPP--BCL6	Not available	LPP	BCL6	Unknown	"[""""GTEx"""",""""Mitelman"""",""""INTRACHROMOSOMAL[chr3:0.41Mb]""""]"	CosmicCensus, Oncogene	CosmicCensus, Oncogene, TranscriptionFactor	NA
BS_E8EFACMN	KIAA1549--BRAF	Not available	KIAA1549	BRAF	Unknown	"[""""Cosmic"""",""""ChimerPub"""",""""ChimerSeq"""",""""chimerdb_pubmed"""",""""ChimerKB"""",""""INTRACHROMOSOMAL[chr7:1.74Mb]""""]"	CosmicCensus, Oncogene	Kinase, CosmicCensus, Oncogene, Kinase	TCGAFusion
BS_SXR87VVV	KIAA1549--BRAF	Not available	KIAA1549	BRAF	Unknown	"[""""Cosmic"""",""""ChimerPub"""",""""ChimerSeq"""",""""chimerdb_pubmed"""",""""ChimerKB"""",""""INTRACHROMOSOMAL[chr7:1.74Mb]""""]"	CosmicCensus, Oncogene	Kinase, CosmicCensus, Oncogene, Kinase	TCGAFusion
BS_6ERCW6P5	KIAA1549--BRAF	Not available	KIAA1549	BRAF	Unknown	"[""""Cosmic"""",""""ChimerPub"""",""""ChimerSeq"""",""""chimerdb_pubmed"""",""""ChimerKB"""",""""INTRACHROMOSOMAL[chr7:1.74Mb]""""]"	CosmicCensus, Oncogene	Kinase, CosmicCensus, Oncogene, Kinase	TCGAFusion
BS_MF0AZF2A	KIAA1549--BRAF	Not available	KIAA1549	BRAF	Unknown	"[""""Cosmic"""",""""ChimerPub"""",""""ChimerSeq"""",""""chimerdb_pubmed"""",""""ChimerKB"""",""""INTRACHROMOSOMAL[chr7:1.74Mb]""""]"	CosmicCensus, Oncogene	Kinase, CosmicCensus, Oncogene, Kinase	TCGAFusion
BS_JFKESZ0A	KIAA1549--BRAF	Not available	KIAA1549	BRAF	Unknown	"[""""Cosmic"""",""""ChimerPub"""",""""ChimerSeq"""",""""chimerdb_pubmed"""",""""ChimerKB"""",""""INTRACHROMOSOMAL[chr7:1.74Mb]""""]"	CosmicCensus, Oncogene	Kinase, CosmicCensus, Oncogene, Kinase	TCGAFusion
BS_P0FMD14Y	KIAA1549--BRAF	Not available	KIAA1549	BRAF	Unknown	"[""""Cosmic"""",""""ChimerPub"""",""""ChimerSeq"""",""""chimerdb_pubmed"""",""""ChimerKB"""",""""INTRACHROMOSOMAL[chr7:1.74Mb]""""]"	CosmicCensus, Oncogene	Kinase, CosmicCensus, Oncogene, Kinase	TCGAFusion
BS_RR4N5HYZ	MYB--QKI	Not available	MYB	QKI	Unknown	"[""""ChimerPub"""",""""INTRACHROMOSOMAL[chr6:28.19Mb]""""]"	CosmicCensus, Oncogene, TranscriptionFactor	TumorSuppressorGene, CosmicCensus	NA
BS_9S10XFGA	SYN2--PPARG	Not available	SYN2	PPARG	Unknown	"[""""GTEx"""",""""INTRACHROMOSOMAL[chr3:0.10Mb]"""",""""NEIGHBORS[95968]""""]"	NA	TumorSuppressorGene, CosmicCensus, Oncogene, TranscriptionFactor	NA
BS_547ZPRTX	EWSR1--FLI1	Not available	EWSR1	FLI1	Unknown	"[""""CCLE"""",""""Klijn_CellLines"""",""""ChimerKB"""",""""ChimerSeq"""",""""FA_CancerSupp"""",""""ChimerPub"""",""""Mitelman"""",""""Cosmic"""",""""INTERCHROMOSOMAL[chr22--chr11]""""]"	CosmicCensus, Oncogene	CosmicCensus, Oncogene, TranscriptionFactor	NA
BS_8B4H127B	ETV6--MECOM	Not available	ETV6	MECOM	Unknown	"[""""Mitelman"""",""""chimerdb_pubmed"""",""""ChimerKB"""",""""INTERCHROMOSOMAL[chr12--chr3]""""]"	TumorSuppressorGene, CosmicCensus, Oncogene, TranscriptionFactor	CosmicCensus, Oncogene, TranscriptionFactor	NA
BS_ZDFZZCHT	CEP85L--ROS1	Not available	CEP85L	ROS1	Unknown	"[""""INTRACHROMOSOMAL[chr6:1.03Mb]""""]"	NA	CosmicCensus, Oncogene, Kinase	NA
BS_6W5NPPK8	ETV6--NTRK3	Not available	ETV6	NTRK3	Unknown	"[""""chimerdb_omim"""",""""Larsson_TCGA"""",""""YOSHIHARA_TCGA"""",""""chimerdb_pubmed"""",""""HaasMedCancer"""",""""Cosmic"""",""""ChimerPub"""",""""ChimerSeq"""",""""ChimerKB"""",""""FA_CancerSupp"""",""""INTERCHROMOSOMAL[chr12--chr15]""""]"	TumorSuppressorGene, CosmicCensus, Oncogene, TranscriptionFactor	TumorSuppressorGene, CosmicCensus, Oncogene, Kinase	TCGAFusion
BS_77FWJDJY	ETV6--RUNX1	Not available	ETV6	RUNX1	Unknown	"[""""Cosmic"""",""""chimerdb_omim"""",""""Mitelman"""",""""ChimerSeq"""",""""chimerdb_pubmed"""",""""ChimerKB"""",""""CCLE"""",""""INTERCHROMOSOMAL[chr12--chr21]""""]"	TumorSuppressorGene, CosmicCensus, Oncogene, TranscriptionFactor	TumorSuppressorGene, CosmicCensus, Oncogene, TranscriptionFactor	NA
BS_77FWJDJY	RUNX1--ETV6	Not available	RUNX1	ETV6	Unknown	"[""""chimerdb_omim"""",""""ChimerPub"""",""""ChimerKB"""",""""INTERCHROMOSOMAL[chr21--chr12]""""]"	TumorSuppressorGene, CosmicCensus, Oncogene, TranscriptionFactor	TumorSuppressorGene, CosmicCensus, Oncogene, TranscriptionFactor	NA
BS_NQ97XYXC	KIAA1549--BRAF	Not available	KIAA1549	BRAF	Unknown	"[""""Cosmic"""",""""ChimerPub"""",""""ChimerSeq"""",""""chimerdb_pubmed"""",""""ChimerKB"""",""""INTRACHROMOSOMAL[chr7:1.74Mb]""""]"	CosmicCensus, Oncogene	Kinase, CosmicCensus, Oncogene, Kinase	TCGAFusion
BS_YDEBSX12	KIAA1549--BRAF	Not available	KIAA1549	BRAF	Unknown	"[""""Cosmic"""",""""ChimerPub"""",""""ChimerSeq"""",""""chimerdb_pubmed"""",""""ChimerKB"""",""""INTRACHROMOSOMAL[chr7:1.74Mb]""""]"	CosmicCensus, Oncogene	Kinase, CosmicCensus, Oncogene, Kinase	TCGAFusion
BS_9QJE5XMG	KIAA1549--BRAF	Not available	KIAA1549	BRAF	Unknown	"[""""Cosmic"""",""""ChimerPub"""",""""ChimerSeq"""",""""chimerdb_pubmed"""",""""ChimerKB"""",""""INTRACHROMOSOMAL[chr7:1.74Mb]""""]"	CosmicCensus, Oncogene	Kinase, CosmicCensus, Oncogene, Kinase	TCGAFusion
BS_DRTC8YRZ	ETV6--RUNX1	Not available	ETV6	RUNX1	Unknown	"[""""Cosmic"""",""""chimerdb_omim"""",""""Mitelman"""",""""ChimerSeq"""",""""chimerdb_pubmed"""",""""ChimerKB"""",""""CCLE"""",""""INTERCHROMOSOMAL[chr12--chr21]""""]"	TumorSuppressorGene, CosmicCensus, Oncogene, TranscriptionFactor	TumorSuppressorGene, CosmicCensus, Oncogene, TranscriptionFactor	NA
BS_DRTC8YRZ	RUNX1--ETV6	Not available	RUNX1	ETV6	Unknown	"[""""chimerdb_omim"""",""""ChimerPub"""",""""ChimerKB"""",""""INTERCHROMOSOMAL[chr21--chr12]""""]"	TumorSuppressorGene, CosmicCensus, Oncogene, TranscriptionFactor	TumorSuppressorGene, CosmicCensus, Oncogene, TranscriptionFactor	NA
BS_GJEBYP1N	KIAA1549--BRAF	Not available	KIAA1549	BRAF	Unknown	"[""""Cosmic"""",""""ChimerPub"""",""""ChimerSeq"""",""""chimerdb_pubmed"""",""""ChimerKB"""",""""INTRACHROMOSOMAL[chr7:1.74Mb]""""]"	CosmicCensus, Oncogene	Kinase, CosmicCensus, Oncogene, Kinase	TCGAFusion
BS_VM548G8F	ADCK4--NUMBL	Not available	ADCK4	NUMBL	Unknown	"[""""Babiceanu_Normal""""]"	Kinase	NA	NA
BS_5RT1NBNX	NUP214--ABL1	Not available	NUP214	ABL1	Unknown	"[""""ChimerSeq"""",""""chimerdb_pubmed"""",""""ChimerKB"""",""""CCLE"""",""""Cosmic"""",""""chimerdb_omim"""",""""ChimerPub"""",""""INTRACHROMOSOMAL[chr9:0.24Mb]""""]"	CosmicCensus, Oncogene	Kinase, CosmicCensus, Oncogene, Kinase	TCGAFusion
BS_CK7YAZC0	QKI--BRAF	Not available	QKI	BRAF	Unknown	"[""""INTERCHROMOSOMAL[chr6--chr7]""""]"	TumorSuppressorGene, CosmicCensus	Kinase, CosmicCensus, Oncogene, Kinase	NA
BS_J7160EQ5	SYN2--PPARG	Not available	SYN2	PPARG	Unknown	"[""""GTEx"""",""""INTRACHROMOSOMAL[chr3:0.10Mb]"""",""""NEIGHBORS[95968]""""]"	NA	TumorSuppressorGene, CosmicCensus, Oncogene, TranscriptionFactor	NA
BS_F7QTPCTC	KIAA1549--BRAF	Not available	KIAA1549	BRAF	Unknown	"[""""Cosmic"""",""""ChimerPub"""",""""ChimerSeq"""",""""chimerdb_pubmed"""",""""ChimerKB"""",""""INTRACHROMOSOMAL[chr7:1.74Mb]""""]"	CosmicCensus, Oncogene	Kinase, CosmicCensus, Oncogene, Kinase	TCGAFusion
BS_F7QTPCTC	COMT--BCR	Not available	COMT	BCR	Unknown	"[""""INTRACHROMOSOMAL[chr22:3.21Mb]""""]"	NA	Kinase, TumorSuppressorGene, CosmicCensus, Oncogene	NA
BS_Y2KBZN1Q	MYB--QKI	Not available	MYB	QKI	Unknown	"[""""ChimerPub"""",""""INTRACHROMOSOMAL[chr6:28.19Mb]""""]"	CosmicCensus, Oncogene, TranscriptionFactor	TumorSuppressorGene, CosmicCensus	NA
BS_X0Z9XZKJ	B2M--RARA	Not available	B2M	RARA	Unknown	"[""""INTERCHROMOSOMAL[chr15--chr17]""""]"	CosmicCensus, Oncogene	CosmicCensus, Oncogene, TranscriptionFactor	NA
BS_X0Z9XZKJ	B2M--BCL6	Not available	B2M	BCL6	Unknown	"[""""GTEx"""",""""INTERCHROMOSOMAL[chr15--chr3]""""]"	CosmicCensus, Oncogene	CosmicCensus, Oncogene, TranscriptionFactor	NA
BS_X0Z9XZKJ	CXCR4--BCL6	Not available	CXCR4	BCL6	Unknown	"[""""INTERCHROMOSOMAL[chr2--chr3]""""]"	CosmicCensus	CosmicCensus, Oncogene, TranscriptionFactor	NA
BS_X0Z9XZKJ	NAMPT--BCL6	Not available	NAMPT	BCL6	Unknown	"[""""INTERCHROMOSOMAL[chr7--chr3]""""]"	NA	CosmicCensus, Oncogene, TranscriptionFactor	NA
BS_K236CQ11	KIAA1549--BRAF	Not available	KIAA1549	BRAF	Unknown	"[""""Cosmic"""",""""ChimerPub"""",""""ChimerSeq"""",""""chimerdb_pubmed"""",""""ChimerKB"""",""""INTRACHROMOSOMAL[chr7:1.74Mb]""""]"	CosmicCensus, Oncogene	Kinase, CosmicCensus, Oncogene, Kinase	TCGAFusion
BS_RAENXFNV	KIAA1549--BRAF	Not available	KIAA1549	BRAF	Unknown	"[""""Cosmic"""",""""ChimerPub"""",""""ChimerSeq"""",""""chimerdb_pubmed"""",""""ChimerKB"""",""""INTRACHROMOSOMAL[chr7:1.74Mb]""""]"	CosmicCensus, Oncogene	Kinase, CosmicCensus, Oncogene, Kinase	TCGAFusion
BS_RQ4TNF1G	EWSR1--FLI1	Not available	EWSR1	FLI1	Unknown	"[""""CCLE"""",""""Klijn_CellLines"""",""""ChimerKB"""",""""ChimerSeq"""",""""FA_CancerSupp"""",""""ChimerPub"""",""""Mitelman"""",""""Cosmic"""",""""INTERCHROMOSOMAL[chr22--chr11]""""]"	CosmicCensus, Oncogene	CosmicCensus, Oncogene, TranscriptionFactor	NA
BS_C33FVEMC	KIAA1549--BRAF	Not available	KIAA1549	BRAF	Unknown	"[""""Cosmic"""",""""ChimerPub"""",""""ChimerSeq"""",""""chimerdb_pubmed"""",""""ChimerKB"""",""""INTRACHROMOSOMAL[chr7:1.74Mb]""""]"	CosmicCensus, Oncogene	Kinase, CosmicCensus, Oncogene, Kinase	TCGAFusion
BS_KBBEP6GP	ESR1--CRYBG1	Not available	ESR1	CRYBG1	Unknown	"[""""INTRACHROMOSOMAL[chr6:45.08Mb]""""]"	TumorSuppressorGene, CosmicCensus, Oncogene, TranscriptionFactor	NA	NA
BS_RYKSW03T	KIAA1549--BRAF	Not available	KIAA1549	BRAF	Unknown	"[""""Cosmic"""",""""ChimerPub"""",""""ChimerSeq"""",""""chimerdb_pubmed"""",""""ChimerKB"""",""""INTRACHROMOSOMAL[chr7:1.74Mb]""""]"	CosmicCensus, Oncogene	Kinase, CosmicCensus, Oncogene, Kinase	TCGAFusion
BS_NA6SPY6X	KIAA1549--BRAF	Not available	KIAA1549	BRAF	Unknown	"[""""Cosmic"""",""""ChimerPub"""",""""ChimerSeq"""",""""chimerdb_pubmed"""",""""ChimerKB"""",""""INTRACHROMOSOMAL[chr7:1.74Mb]""""]"	CosmicCensus, Oncogene	Kinase, CosmicCensus, Oncogene, Kinase	TCGAFusion
