seqnames	start	end	width	strand	Sample	sample_id	FusionName	variable	value
chr17	7687377	7687377	1	*	TARGET-40-0A4I42-01A-01R	01	FRS2--TP53	RightBreakpoint	17:7687377
chr17	7687377	7687377	1	*	TARGET-40-PALHRL-01A-01R	01	TGFB1--TP53	RightBreakpoint	17:7687377
chr17	7687377	7687377	1	*	TARGET-40-PANPUM-01A-01R	01	FOXN2/AC093635.1--TP53	RightBreakpoint	17:7687377
chr17	7687377	7687377	1	*	TARGET-40-PANZHX-01A-01R	01	ZMIZ1/PPIF--TP53	RightBreakpoint	17:7687377
chr17	7687377	7687377	1	*	TARGET-40-PAPFLB-01A-01R	01	CHAMP1--TP53	RightBreakpoint	17:7687377
chr17	7687377	7687377	1	*	TARGET-40-PAPFLB-01A-01R	01	LINC01054--TP53	RightBreakpoint	17:7687377
chr17	7687377	7687377	1	*	TARGET-40-PAPFLB-01A-01R	01	LINC01054/RPL23AP97--TP53	RightBreakpoint	17:7687377
chr17	7687377	7687377	1	*	TARGET-40-PAPNVD-01A-01R	01	GON4L--TP53	RightBreakpoint	17:7687377
chr17	7687377	7687377	1	*	TARGET-40-PARBGW-01A-01R	01	EFNB3--TP53	RightBreakpoint	17:7687377
chr17	7687377	7687377	1	*	TARGET-40-PATKSS-01A-01R	01	AC243725.1/ABBA01006766.2--TP53	RightBreakpoint	17:7687377
chr17	7687377	7687377	1	*	TARGET-40-PATMIF-01A-01R	01	RAB44--TP53	RightBreakpoint	17:7687377
chr17	7687377	7687377	1	*	TARGET-40-PATMXR-01A-01R	01	SNX30--TP53	RightBreakpoint	17:7687377
chr17	7687377	7687377	1	*	TARGET-40-PAUTWB-01A-01R	01	DNAH8--TP53	RightBreakpoint	17:7687377
chr17	7687377	7687377	1	*	TARGET-40-PAUYTT-01A-01R	01	SYN3--TP53	RightBreakpoint	17:7687377
chr17	7687377	7687377	1	*	TARGET-40-PAVDTY-01A-01R	01	ZNF76--TP53	RightBreakpoint	17:7687377
chr17	7687377	7687377	1	*	BS_NJ4WPQVK	7316-349	TP53--PSMG4	LeftBreakpoint	17:7687377
chr17	7687377	7687377	1	*	BS_NJ4WPQVK	7316-349	TP53--PSMG4	LeftBreakpoint	17:7687377
chr17	7687377	7687377	1	*	TARGET-40-0A4I42-01A-01R	01	TP53--MB	LeftBreakpoint	17:7687377
chr17	7687377	7687377	1	*	TARGET-40-0A4I42-01A-01R	01	TP53--MB	LeftBreakpoint	17:7687377
chr17	7687377	7687377	1	*	TARGET-40-0A4I42-01A-01R	01	TP53--MB	LeftBreakpoint	17:7687377
chr17	7687377	7687377	1	*	TARGET-40-0A4I8U-01A-01R	01	TP53--PRMT2/RPL23AP4	LeftBreakpoint	17:7687377
chr17	7687377	7687377	1	*	TARGET-40-PALHRL-01A-01R	01	TP53--HNRNPUL1	LeftBreakpoint	17:7687377
chr17	7687377	7687377	1	*	TARGET-40-PALHRL-01A-01R	01	TP53--TGFB1	LeftBreakpoint	17:7687377
chr17	7687377	7687377	1	*	TARGET-40-PALKGN-01A-01R	01	TP53--SNX29	LeftBreakpoint	17:7687377
chr17	7687377	7687377	1	*	TARGET-40-PALWWX-01A-01R	01	TP53--NEK9	LeftBreakpoint	17:7687377
chr17	7687377	7687377	1	*	TARGET-40-PAMYYJ-01A-01R	01	TP53--SACM1L	LeftBreakpoint	17:7687377
chr17	7687377	7687377	1	*	TARGET-40-PANGPE-01A-01R	01	TP53--DACT3	LeftBreakpoint	17:7687377
chr17	7687377	7687377	1	*	TARGET-40-PANGRW-01A-01R	01	TP53--SUZ12	LeftBreakpoint	17:7687377
chr17	7687377	7687377	1	*	TARGET-40-PAPFLB-01A-01R	01	TP53--LINC01054	LeftBreakpoint	17:7687377
chr17	7687377	7687377	1	*	TARGET-40-PAPIJR-01A-01R	01	TP53--CDRT8/PMP22	LeftBreakpoint	17:7687377
chr17	7687377	7687377	1	*	TARGET-40-PAPIJR-01A-01R	01	TP53--PMP22	LeftBreakpoint	17:7687377
chr17	7687377	7687377	1	*	TARGET-40-PAPKWD-01A-01R	01	TP53--EXOC2	LeftBreakpoint	17:7687377
chr17	7687377	7687377	1	*	TARGET-40-PAPWWC-01A-01R	01	TP53--LRP1	LeftBreakpoint	17:7687377
chr17	7687377	7687377	1	*	TARGET-40-PARBGW-01A-01R	01	TP53--EFNB3	LeftBreakpoint	17:7687377
chr17	7687377	7687377	1	*	TARGET-40-PASRNE-01A-01R	01	TP53--KDM1B	LeftBreakpoint	17:7687377
chr17	7687377	7687377	1	*	TARGET-40-PASRNE-01A-01R	01	TP53--KDM1B	LeftBreakpoint	17:7687377
chr17	7687377	7687377	1	*	TARGET-40-PASRNE-01A-01R	01	TP53--MYO3B	LeftBreakpoint	17:7687377
chr17	7687377	7687377	1	*	TARGET-40-PASUUH-01A-01R	01	TP53--HPN-AS1	LeftBreakpoint	17:7687377
chr17	7687377	7687377	1	*	TARGET-40-PASUUH-01A-01R	01	TP53--HPN-AS1	LeftBreakpoint	17:7687377
chr17	7687377	7687377	1	*	TARGET-40-PATJVI-01A-01R	01	TP53--AC053481.5	LeftBreakpoint	17:7687377
chr17	7687377	7687377	1	*	TARGET-40-PATMIF-01A-01R	01	TP53--RAB44	LeftBreakpoint	17:7687377
chr17	7687377	7687377	1	*	TARGET-40-PATMIF-01A-01R	01	TP53--RAB44	LeftBreakpoint	17:7687377
chr17	7687377	7687377	1	*	TARGET-40-PATMIF-01A-01R	01	TP53--RAB44	LeftBreakpoint	17:7687377
chr17	7687377	7687377	1	*	TARGET-40-PATMXR-01A-01R	01	TP53--SNX30	LeftBreakpoint	17:7687377
chr17	7687377	7687377	1	*	TARGET-40-PATPBS-01A-01R	01	TP53--ABCC1	LeftBreakpoint	17:7687377
chr17	7687377	7687377	1	*	TARGET-40-PAUBIT-01A-01R	01	TP53--SRSF3	LeftBreakpoint	17:7687377
chr17	7687377	7687377	1	*	TARGET-40-PAUBIT-01A-01R	01	TP53--SRSF3	LeftBreakpoint	17:7687377
chr17	7687377	7687377	1	*	TARGET-40-PAUTWB-01A-01R	01	TP53--DNAH8	LeftBreakpoint	17:7687377
chr17	7687378	7687378	1	*	TARGET-40-PAUTWB-01A-01R	01	TP53--DNAH8	LeftBreakpoint	17:7687378
chr17	7687379	7687379	1	*	TARGET-40-PAUTWB-01A-01R	01	TP53--DNAH8	LeftBreakpoint	17:7687379
chr17	7687377	7687377	1	*	TARGET-40-PAUVUL-01A-01R	01	TP53--PHLDB1	LeftBreakpoint	17:7687377
chr17	7687377	7687377	1	*	TARGET-40-PAUYTT-01A-01R	01	TP53--SYN3	LeftBreakpoint	17:7687377
chr17	7687377	7687377	1	*	TARGET-40-PAUYTT-01A-01R	01	TP53--SYN3	LeftBreakpoint	17:7687377
chr17	7687377	7687377	1	*	TARGET-40-PAVDTY-01A-01R	01	TP53--ZNF76	LeftBreakpoint	17:7687377
chr17	7676622	7676622	1	*	TARGET-40-0A4I42-01A-01R	01	NSDHL--TP53	RightBreakpoint	17:7676622
chr17	7676622	7676622	1	*	TARGET-40-PAPFLB-01A-01R	01	PMP22--TP53	RightBreakpoint	17:7676622
chr17	7675825	7675825	1	*	TARGET-40-PASYUK-01A-01R	01	AC005244.2/LINC00670--TP53	RightBreakpoint	17:7675825
chr17	7684059	7684059	1	*	TARGET-40-PATAWV-01A-01R	01	TRPS1--TP53	RightBreakpoint	17:7684059
chr17	7670699	7670699	1	*	TARGET-40-PATEEM-01A-01R	01	AC099542.1--TP53	RightBreakpoint	17:7670699
chr17	7676622	7676622	1	*	TARGET-40-PATJVI-01A-01R	01	KAT7--TP53	RightBreakpoint	17:7676622
chr17	7676622	7676622	1	*	TARGET-40-PATKSS-01A-01R	01	GAD1--TP53	RightBreakpoint	17:7676622
chr17	7676622	7676622	1	*	TARGET-40-PAUBIT-01A-01R	01	HIST2H2BE--TP53	RightBreakpoint	17:7676622
chr17	7684446	7684446	1	*	TARGET-40-PAUUML-01A-01R	01	PSMA3-AS1--TP53	RightBreakpoint	17:7684446
chr17	7676622	7676622	1	*	TARGET-40-PAVDTY-01A-01R	01	PPP5C--TP53	RightBreakpoint	17:7676622
chr17	7676622	7676622	1	*	TARGET-40-0A4I42-01A-01R	01	TP53--NSDHL	LeftBreakpoint	17:7676622
chr17	7676622	7676622	1	*	TARGET-40-0A4I4M-01A-01R	01	TP53--EFR3A	LeftBreakpoint	17:7676622
chr17	7674573	7674573	1	*	TARGET-40-0A4I4O-01A-01R	01	TP53--DEK	LeftBreakpoint	17:7674573
chr17	7677811	7677811	1	*	TARGET-40-PAMHYN-01A-01R	01	TP53--MIR3925/RNU1-88P	LeftBreakpoint	17:7677811
chr17	7676622	7676622	1	*	TARGET-40-PAPFLB-01A-01R	01	TP53--PMP22	LeftBreakpoint	17:7676622
chr17	7673701	7673701	1	*	TARGET-40-PARJXU-01A-01R	01	TP53--TIA1	LeftBreakpoint	17:7673701
chr17	7670700	7670700	1	*	TARGET-40-PATEEM-01A-01R	01	TP53--ROBO1/HMGB1P38	LeftBreakpoint	17:7670700
chr17	7687376	7687376	1	*	TARGET-40-PAUTWB-01A-01R	01	TP53--DNAH8	LeftBreakpoint	17:7687376
chr17	7676622	7676622	1	*	TARGET-40-PAVDTY-01A-01R	01	TP53--PPP5C	LeftBreakpoint	17:7676622
